,ts_code,trade_date,open,high,low,close,pre_close,change,pct_chg,vol,amount
0,600202.SH,20231222,6.18,6.19,5.95,6.03,6.2,-0.17,-2.7419,138831.0,84060.038
1,600202.SH,20231221,6.05,6.22,5.87,6.2,6.06,0.14,2.3102,187002.0,113551.307
2,600202.SH,20231220,6.2,6.28,6.05,6.06,6.2,-0.14,-2.2581,126359.0,77579.045
3,600202.SH,20231219,6.23,6.25,6.08,6.2,6.27,-0.07,-1.1164,160376.31,98623.652
4,600202.SH,20231218,6.48,6.48,6.23,6.27,6.48,-0.21,-3.2407,198452.0,125675.225
5,600202.SH,20231215,6.32,6.49,6.2,6.48,6.32,0.16,2.5316,291364.39,185941.303
6,600202.SH,20231214,6.29,6.4,6.27,6.32,6.31,0.01,0.1585,140556.0,88989.623
7,600202.SH,20231213,6.27,6.38,6.25,6.31,6.3,0.01,0.1587,151031.12,95373.597
8,600202.SH,20231212,6.19,6.3,6.15,6.3,6.19,0.11,1.7771,137029.12,85276.903
9,600202.SH,20231211,6.15,6.22,6.1,6.19,6.12,0.07,1.1438,143369.12,88232.996
10,600202.SH,20231208,6.3,6.31,6.11,6.12,6.33,-0.21,-3.3175,215661.83,133337.442
11,600202.SH,20231207,6.46,6.48,6.28,6.33,6.42,-0.09,-1.4019,199630.57,126531.823
12,600202.SH,20231206,6.39,6.59,6.31,6.42,6.43,-0.01,-0.1555,368621.37,238253.403
13,600202.SH,20231205,6.3,6.5,6.23,6.43,6.34,0.09,1.4196,495273.59,316749.294
14,600202.SH,20231204,6.07,6.67,6.05,6.34,6.06,0.28,4.6205,440125.45,279738.839
15,600202.SH,20231201,6.01,6.07,6.0,6.06,6.03,0.03,0.4975,80008.0,48390.978
16,600202.SH,20231130,6.09,6.12,5.97,6.03,6.11,-0.08,-1.3093,139909.0,84243.957
17,600202.SH,20231129,6.15,6.22,6.09,6.11,6.17,-0.06,-0.9724,116877.87,71828.748
18,600202.SH,20231128,6.08,6.24,6.02,6.17,6.1,0.07,1.1475,179857.69,110574.263
19,600202.SH,20231127,6.02,6.1,5.98,6.1,6.02,0.08,1.3289,127908.54,77451.419
20,600202.SH,20231124,6.0,6.09,5.99,6.02,6.01,0.01,0.1664,111446.57,67224.598
21,600202.SH,20231123,6.01,6.04,5.96,6.01,6.0,0.01,0.1667,92319.58,55433.861
22,600202.SH,20231122,6.0,6.04,5.95,6.0,6.01,-0.01,-0.1664,145472.01,87235.683
23,600202.SH,20231121,5.98,6.08,5.93,6.01,5.96,0.05,0.8389,196497.1,117906.806
24,600202.SH,20231120,5.91,5.96,5.88,5.96,5.89,0.07,1.1885,104217.0,61815.764
25,600202.SH,20231117,5.89,5.91,5.82,5.89,5.87,0.02,0.3407,62730.0,36892.664
26,600202.SH,20231116,5.89,5.91,5.86,5.87,5.89,-0.02,-0.3396,58992.57,34722.979
27,600202.SH,20231115,5.88,5.92,5.85,5.89,5.88,0.01,0.1701,73731.0,43388.002
28,600202.SH,20231114,5.85,5.88,5.83,5.88,5.87,0.01,0.1704,71172.0,41657.048
29,600202.SH,20231113,5.83,5.88,5.8,5.87,5.81,0.06,1.0327,70876.0,41431.106
30,600202.SH,20231110,5.82,5.83,5.76,5.81,5.83,-0.02,-0.3431,69475.01,40294.941
31,600202.SH,20231109,5.82,5.91,5.79,5.83,5.82,0.01,0.1718,108941.0,63510.993
32,600202.SH,20231108,5.8,5.84,5.77,5.82,5.82,0.0,0.0,106937.57,62131.997
33,600202.SH,20231107,5.75,5.84,5.7,5.82,5.76,0.06,1.0417,147393.0,85401.279
34,600202.SH,20231106,5.72,5.76,5.68,5.76,5.65,0.11,1.9469,146297.01,83743.297
35,600202.SH,20231103,5.65,5.74,5.63,5.65,5.62,0.03,0.5338,98366.8,55939.965
36,600202.SH,20231102,5.65,5.66,5.6,5.62,5.66,-0.04,-0.7067,68009.0,38307.206
37,600202.SH,20231101,5.61,5.69,5.58,5.66,5.62,0.04,0.7117,87776.81,49534.544
38,600202.SH,20231031,5.67,5.7,5.58,5.62,5.7,-0.08,-1.4035,122264.0,68892.468
39,600202.SH,20231030,5.68,5.75,5.66,5.7,5.65,0.05,0.885,138503.0,79154.714
40,600202.SH,20231027,5.6,5.68,5.54,5.65,5.65,0.0,0.0,164708.0,92460.7
41,600202.SH,20231026,5.55,5.66,5.48,5.65,5.55,0.1,1.8018,149576.01,83529.69
42,600202.SH,20231025,5.44,5.63,5.43,5.55,5.42,0.13,2.3985,151425.0,84197.723
43,600202.SH,20231024,5.25,5.44,5.25,5.42,5.28,0.14,2.6515,122952.0,66244.022
44,600202.SH,20231023,5.48,5.48,5.25,5.28,5.46,-0.18,-3.2967,120672.01,64419.926
45,600202.SH,20231020,5.43,5.52,5.43,5.46,5.46,0.0,0.0,98150.12,53679.761
46,600202.SH,20231019,5.44,5.56,5.42,5.46,5.49,-0.03,-0.5464,120600.0,66279.686
47,600202.SH,20231018,5.6,5.62,5.48,5.49,5.63,-0.14,-2.4867,147971.01,81802.548
48,600202.SH,20231017,5.74,5.77,5.58,5.63,5.77,-0.14,-2.4263,193627.64,109320.482
49,600202.SH,20231016,5.7,5.82,5.66,5.77,5.7,0.07,1.2281,206513.0,118832.445
50,600202.SH,20231013,5.66,5.72,5.65,5.7,5.71,-0.01,-0.1751,132471.04,75307.18
51,600202.SH,20231012,5.7,5.74,5.65,5.71,5.73,-0.02,-0.349,145293.0,82692.511
52,600202.SH,20231011,5.91,5.92,5.68,5.73,5.89,-0.16,-2.7165,261605.72,150386.276
53,600202.SH,20231010,5.88,6.02,5.84,5.89,5.89,0.0,0.0,191342.8,113053.5
54,600202.SH,20231009,5.93,5.98,5.81,5.89,5.99,-0.1,-1.6694,243621.08,143092.355
55,600202.SH,20230928,5.93,6.04,5.93,5.99,5.89,0.1,1.6978,270418.89,161691.64
56,600202.SH,20230927,6.12,6.16,5.88,5.89,6.13,-0.24,-3.9152,389621.88,233473.941
57,600202.SH,20230926,6.26,6.31,6.06,6.13,6.26,-0.13,-2.0767,366818.37,226314.149
58,600202.SH,20230925,6.08,6.27,6.04,6.26,6.16,0.1,1.6234,454956.17,282153.435
59,600202.SH,20230922,6.28,6.36,6.02,6.16,6.4,-0.24,-3.75,623393.14,383195.692
60,600202.SH,20230921,6.25,6.65,6.25,6.4,6.75,-0.35,-5.1852,909595.14,583446.353
61,600202.SH,20230920,7.0,7.08,6.75,6.75,7.5,-0.75,-10.0,237907.25,163505.453
62,600202.SH,20230919,7.05,7.5,6.95,7.5,6.82,0.68,9.9707,1310154.71,969017.78
63,600202.SH,20230918,6.14,6.82,6.12,6.82,6.2,0.62,10.0,478323.85,313337.716
64,600202.SH,20230915,6.1,6.5,6.05,6.2,6.18,0.02,0.3236,398376.28,249441.655
65,600202.SH,20230914,6.0,6.23,5.91,6.18,6.12,0.06,0.9804,359056.0,217701.108
66,600202.SH,20230913,6.08,6.12,5.9,6.12,6.14,-0.02,-0.3257,376468.89,225527.715
67,600202.SH,20230912,6.07,6.28,5.99,6.14,6.05,0.09,1.4876,429958.87,264661.593
68,600202.SH,20230911,6.32,6.35,6.03,6.05,6.41,-0.36,-5.6162,557029.14,341665.665
69,600202.SH,20230908,5.8,6.41,5.76,6.41,5.83,0.58,9.9485,462007.98,292679.77
70,600202.SH,20230907,6.02,6.02,5.8,5.83,6.02,-0.19,-3.1561,115080.11,67636.474
71,600202.SH,20230906,5.97,6.09,5.89,6.02,6.03,-0.01,-0.1658,175246.0,104767.734
72,600202.SH,20230905,6.06,6.12,5.93,6.03,6.12,-0.09,-1.4706,225522.13,135612.814
73,600202.SH,20230904,5.68,6.25,5.66,6.12,5.68,0.44,7.7465,422884.61,256081.751
74,600202.SH,20230901,5.73,5.76,5.6,5.68,5.7,-0.02,-0.3509,70453.0,39868.966
75,600202.SH,20230831,5.77,5.77,5.65,5.7,5.79,-0.09,-1.5544,96816.61,55283.198
76,600202.SH,20230830,5.9,5.95,5.72,5.79,5.95,-0.16,-2.6891,159410.11,92507.234
77,600202.SH,20230829,5.89,5.98,5.81,5.95,5.99,-0.04,-0.6678,190528.02,112723.607
78,600202.SH,20230828,6.05,6.1,5.8,5.99,5.8,0.19,3.2759,335270.69,200086.74
79,600202.SH,20230825,5.8,5.96,5.75,5.8,5.8,0.0,0.0,215742.0,126391.987
80,600202.SH,20230824,5.83,5.85,5.59,5.8,5.83,-0.03,-0.5146,247590.08,142146.389
81,600202.SH,20230823,5.59,6.15,5.54,5.83,5.6,0.23,4.1071,338072.0,198730.321
82,600202.SH,20230822,5.66,5.71,5.5,5.6,5.62,-0.02,-0.3559,83012.0,46358.199
83,600202.SH,20230821,5.78,5.82,5.6,5.62,5.77,-0.15,-2.5997,71311.0,40603.157
84,600202.SH,20230818,5.68,5.89,5.63,5.77,5.7,0.07,1.2281,130362.0,75784.83
85,600202.SH,20230817,5.46,5.72,5.39,5.7,5.45,0.25,4.5872,95354.93,53432.918
86,600202.SH,20230816,5.51,5.53,5.45,5.45,5.51,-0.06,-1.0889,30895.1,16937.923
87,600202.SH,20230815,5.53,5.56,5.48,5.51,5.53,-0.02,-0.3617,37526.0,20671.509
88,600202.SH,20230814,5.48,5.53,5.41,5.53,5.5,0.03,0.5455,37442.0,20482.671
89,600202.SH,20230811,5.61,5.61,5.47,5.5,5.55,-0.05,-0.9009,53138.0,29289.69
90,600202.SH,20230810,5.52,5.57,5.5,5.55,5.51,0.04,0.726,28213.0,15621.788
91,600202.SH,20230809,5.66,5.66,5.48,5.51,5.65,-0.14,-2.4779,64316.1,35729.328
92,600202.SH,20230808,5.69,5.71,5.62,5.65,5.64,0.01,0.1773,44025.5,24896.415
93,600202.SH,20230807,5.67,5.73,5.61,5.64,5.7,-0.06,-1.0526,59703.0,33715.714
94,600202.SH,20230804,5.83,5.86,5.7,5.7,5.81,-0.11,-1.8933,69279.0,39779.979
95,600202.SH,20230803,5.83,5.88,5.75,5.81,5.88,-0.07,-1.1905,58839.01,34126.319
96,600202.SH,20230802,5.92,5.94,5.83,5.88,5.92,-0.04,-0.6757,68292.62,40068.384
97,600202.SH,20230801,6.03,6.04,5.8,5.92,6.0,-0.08,-1.3333,95226.0,56263.092
98,600202.SH,20230731,5.83,6.02,5.82,6.0,5.88,0.12,2.0408,118944.01,70543.508
99,600202.SH,20230728,5.95,5.96,5.8,5.88,5.97,-0.09,-1.5075,125217.99,73444.561
100,600202.SH,20230727,5.78,6.03,5.77,5.97,5.78,0.19,3.2872,216259.0,128176.197
101,600202.SH,20230726,5.79,5.83,5.74,5.78,5.78,0.0,0.0,56160.62,32395.167
102,600202.SH,20230725,5.76,5.85,5.73,5.78,5.73,0.05,0.8726,65170.0,37648.774
103,600202.SH,20230724,5.66,5.82,5.61,5.73,5.66,0.07,1.2367,67732.0,38786.532
104,600202.SH,20230721,5.73,5.76,5.63,5.66,5.72,-0.06,-1.049,68737.01,39037.756
105,600202.SH,20230720,5.8,5.85,5.7,5.72,5.83,-0.11,-1.8868,91135.77,52468.705
106,600202.SH,20230719,5.89,5.9,5.78,5.83,5.88,-0.05,-0.8503,102672.01,59832.786
107,600202.SH,20230718,5.95,5.95,5.83,5.88,5.96,-0.08,-1.3423,134196.12,78857.62
108,600202.SH,20230717,6.0,6.03,5.85,5.96,6.07,-0.11,-1.8122,225196.72,132975.204
109,600202.SH,20230714,5.87,6.31,5.78,6.07,5.86,0.21,3.5836,290008.62,175917.838
110,600202.SH,20230713,5.78,5.94,5.7,5.86,5.79,0.07,1.209,174397.46,102150.926
111,600202.SH,20230712,5.91,5.99,5.77,5.79,5.92,-0.13,-2.1959,203977.65,119229.684
112,600202.SH,20230711,5.66,6.25,5.61,5.92,5.68,0.24,4.2254,345540.01,205571.37
113,600202.SH,20230710,5.63,5.75,5.6,5.68,5.67,0.01,0.1764,81268.01,46062.14
114,600202.SH,20230707,5.63,5.8,5.57,5.67,5.61,0.06,1.0695,114616.0,65089.564
115,600202.SH,20230706,5.58,5.64,5.53,5.61,5.59,0.02,0.3578,55077.68,30865.586
116,600202.SH,20230705,5.62,5.66,5.58,5.59,5.65,-0.06,-1.0619,55158.0,30953.626
117,600202.SH,20230704,5.62,5.68,5.58,5.65,5.61,0.04,0.713,73796.0,41590.324
118,600202.SH,20230703,5.57,5.7,5.56,5.61,5.59,0.02,0.3578,87091.0,48829.443
119,600202.SH,20230630,5.54,5.61,5.46,5.59,5.49,0.1,1.8215,109800.0,61288.706
120,600202.SH,20230629,5.44,5.55,5.43,5.49,5.42,0.07,1.2915,117322.01,64716.414
121,600202.SH,20230628,5.38,5.46,5.28,5.42,5.38,0.04,0.7435,88302.0,47503.672
122,600202.SH,20230627,5.16,5.38,5.13,5.38,5.16,0.22,4.2636,128097.0,68031.66
123,600202.SH,20230626,5.12,5.22,5.12,5.16,5.18,-0.02,-0.3861,58115.0,30078.007
124,600202.SH,20230621,5.16,5.25,5.15,5.18,5.16,0.02,0.3876,64550.0,33490.2
125,600202.SH,20230620,5.23,5.28,5.16,5.16,5.24,-0.08,-1.5267,73690.0,38267.708
126,600202.SH,20230619,5.38,5.41,5.23,5.24,5.41,-0.17,-3.1423,115190.0,60957.694
127,600202.SH,20230616,5.4,5.47,5.35,5.41,5.44,-0.03,-0.5515,117020.63,63320.973
128,600202.SH,20230615,5.51,5.57,5.38,5.44,5.58,-0.14,-2.509,187596.7,101648.154
129,600202.SH,20230614,5.33,5.83,5.25,5.58,5.32,0.26,4.8872,245983.1,136433.508
130,600202.SH,20230613,5.29,5.37,5.27,5.32,5.32,0.0,0.0,31905.0,16973.251
131,600202.SH,20230612,5.23,5.33,5.12,5.32,5.26,0.06,1.1407,63780.0,33323.889
132,600202.SH,20230609,5.18,5.36,5.14,5.26,5.17,0.09,1.7408,61418.0,32261.919
133,600202.SH,20230608,5.19,5.22,5.15,5.17,5.22,-0.05,-0.9579,37519.0,19449.851
134,600202.SH,20230607,5.27,5.28,5.17,5.22,5.24,-0.02,-0.3817,38862.02,20319.218
135,600202.SH,20230606,5.39,5.41,5.24,5.24,5.4,-0.16,-2.963,49211.01,26155.283
136,600202.SH,20230605,5.38,5.41,5.34,5.4,5.39,0.01,0.1855,42002.0,22614.765
137,600202.SH,20230602,5.34,5.4,5.31,5.39,5.31,0.08,1.5066,45431.0,24399.189
138,600202.SH,20230601,5.37,5.4,5.31,5.31,5.37,-0.06,-1.1173,48374.92,25921.867
139,600202.SH,20230531,5.43,5.43,5.36,5.37,5.42,-0.05,-0.9225,38478.0,20714.843
140,600202.SH,20230530,5.37,5.43,5.31,5.42,5.37,0.05,0.9311,50500.0,27171.759
141,600202.SH,20230529,5.49,5.49,5.34,5.37,5.47,-0.1,-1.8282,66502.0,35827.791
142,600202.SH,20230526,5.54,5.54,5.39,5.47,5.53,-0.06,-1.085,58405.7,31849.067
143,600202.SH,20230525,5.45,5.55,5.43,5.53,5.48,0.05,0.9124,53919.01,29666.575
144,600202.SH,20230524,5.45,5.54,5.41,5.48,5.48,0.0,0.0,63377.84,34792.624
145,600202.SH,20230523,5.52,5.56,5.47,5.48,5.53,-0.05,-0.9042,52977.65,29210.442
146,600202.SH,20230522,5.46,5.55,5.43,5.53,5.46,0.07,1.2821,84836.54,46800.611
147,600202.SH,20230519,5.53,5.53,5.42,5.46,5.53,-0.07,-1.2658,70625.0,38615.54
148,600202.SH,20230518,5.46,5.6,5.45,5.53,5.45,0.08,1.4679,108287.42,59770.036
149,600202.SH,20230517,5.39,5.46,5.33,5.45,5.42,0.03,0.5535,65433.23,35523.506
150,600202.SH,20230516,5.37,5.47,5.35,5.42,5.37,0.05,0.9311,72213.23,39168.545
151,600202.SH,20230515,5.33,5.45,5.31,5.37,5.29,0.08,1.5123,62095.23,33304.443
152,600202.SH,20230512,5.3,5.34,5.28,5.29,5.33,-0.04,-0.7505,44524.33,23633.425
153,600202.SH,20230511,5.26,5.35,5.22,5.33,5.26,0.07,1.3308,44848.0,23853.029
154,600202.SH,20230510,5.24,5.28,5.2,5.26,5.24,0.02,0.3817,30586.0,16043.227
155,600202.SH,20230509,5.29,5.33,5.22,5.24,5.29,-0.05,-0.9452,44295.0,23345.066
156,600202.SH,20230508,5.29,5.34,5.27,5.29,5.29,0.0,0.0,43282.0,22954.571
157,600202.SH,20230505,5.31,5.32,5.22,5.29,5.31,-0.02,-0.3766,42175.0,22250.744
158,600202.SH,20230504,5.23,5.34,5.23,5.31,5.23,0.08,1.5296,67504.0,35845.324
159,600202.SH,20230428,5.07,5.25,5.05,5.23,5.07,0.16,3.1558,54143.01,28100.808
160,600202.SH,20230427,5.07,5.13,5.02,5.07,5.06,0.01,0.1976,39434.65,20069.602
161,600202.SH,20230426,4.95,5.09,4.93,5.06,4.95,0.11,2.2222,46631.38,23488.898
162,600202.SH,20230425,5.07,5.08,4.85,4.95,5.07,-0.12,-2.3669,62957.0,31078.779
163,600202.SH,20230424,5.09,5.12,4.99,5.07,5.09,-0.02,-0.3929,52163.01,26363.976
164,600202.SH,20230421,5.22,5.25,5.05,5.09,5.22,-0.13,-2.4904,72503.0,37283.827
165,600202.SH,20230420,5.26,5.26,5.16,5.22,5.27,-0.05,-0.9488,55024.0,28669.39
166,600202.SH,20230419,5.25,5.29,5.23,5.27,5.24,0.03,0.5725,51491.0,27106.499
167,600202.SH,20230418,5.26,5.28,5.23,5.24,5.28,-0.04,-0.7576,42966.01,22567.948
168,600202.SH,20230417,5.2,5.29,5.19,5.28,5.21,0.07,1.3436,58712.01,30853.021
169,600202.SH,20230414,5.2,5.21,5.11,5.21,5.17,0.04,0.7737,47775.0,24723.497
170,600202.SH,20230413,5.19,5.23,5.15,5.17,5.18,-0.01,-0.1931,59133.0,30667.515
171,600202.SH,20230412,5.11,5.2,5.1,5.18,5.14,0.04,0.7782,53852.0,27793.562
172,600202.SH,20230411,5.13,5.16,5.08,5.14,5.13,0.01,0.1949,54066.0,27649.417
173,600202.SH,20230410,5.24,5.29,5.11,5.13,5.27,-0.14,-2.6565,98897.0,51246.517
174,600202.SH,20230407,5.18,5.29,5.16,5.27,5.19,0.08,1.5414,69787.0,36708.026
175,600202.SH,20230406,5.21,5.25,5.15,5.19,5.24,-0.05,-0.9542,72903.03,37815.287
176,600202.SH,20230404,5.34,5.35,5.24,5.24,5.35,-0.11,-2.0561,97786.02,51705.942
177,600202.SH,20230403,5.38,5.38,5.3,5.35,5.38,-0.03,-0.5576,93160.0,49780.059
178,600202.SH,20230331,5.35,5.39,5.29,5.38,5.32,0.06,1.1278,102784.67,54826.811
179,600202.SH,20230330,5.39,5.43,5.23,5.32,5.43,-0.11,-2.0258,135575.03,71991.475
180,600202.SH,20230329,5.59,5.6,5.4,5.43,5.56,-0.13,-2.3381,119341.6,65071.798
181,600202.SH,20230328,5.6,5.71,5.46,5.56,5.62,-0.06,-1.0676,209900.0,116603.63
182,600202.SH,20230327,5.6,5.68,5.56,5.62,5.67,-0.05,-0.8818,130301.02,73140.525
183,600202.SH,20230324,5.71,5.73,5.57,5.67,5.73,-0.06,-1.0471,135726.41,76985.022
184,600202.SH,20230323,5.8,5.81,5.66,5.73,5.81,-0.08,-1.3769,198743.45,113621.042
185,600202.SH,20230322,5.87,5.88,5.7,5.81,5.9,-0.09,-1.5254,263608.03,152725.254
186,600202.SH,20230321,5.92,5.95,5.77,5.9,6.06,-0.16,-2.6403,337747.02,197284.871
187,600202.SH,20230320,6.02,6.26,5.89,6.06,5.89,0.17,2.8862,529381.34,318069.953
188,600202.SH,20230317,6.0,6.01,5.75,5.89,5.87,0.02,0.3407,353179.2,207211.041
189,600202.SH,20230316,6.08,6.33,5.83,5.87,5.93,-0.06,-1.0118,524133.86,314746.405
190,600202.SH,20230315,5.39,5.93,5.39,5.93,5.39,0.54,10.0186,149199.0,86177.079
191,600202.SH,20230314,5.5,5.51,5.29,5.39,5.49,-0.1,-1.8215,52333.0,28181.243
192,600202.SH,20230313,5.53,5.58,5.44,5.49,5.55,-0.06,-1.0811,53668.0,29450.567
193,600202.SH,20230310,5.7,5.7,5.52,5.55,5.71,-0.16,-2.8021,52363.0,29221.94
194,600202.SH,20230309,5.77,5.77,5.58,5.71,5.77,-0.06,-1.0399,83865.0,47424.88
195,600202.SH,20230308,5.6,5.78,5.56,5.77,5.6,0.17,3.0357,56492.87,32336.599
196,600202.SH,20230307,5.71,5.74,5.6,5.6,5.71,-0.11,-1.9264,43419.21,24661.676
197,600202.SH,20230306,5.67,5.72,5.63,5.71,5.66,0.05,0.8834,37046.0,21042.63
198,600202.SH,20230303,5.65,5.71,5.65,5.66,5.67,-0.01,-0.1764,27276.01,15484.98
199,600202.SH,20230302,5.69,5.75,5.66,5.67,5.7,-0.03,-0.5263,33679.0,19190.474
200,600202.SH,20230301,5.65,5.72,5.63,5.7,5.67,0.03,0.5291,60689.0,34483.421
201,600202.SH,20230228,5.6,5.69,5.58,5.67,5.58,0.09,1.6129,37235.12,21010.747
202,600202.SH,20230227,5.64,5.68,5.56,5.58,5.64,-0.06,-1.0638,36148.13,20290.549
203,600202.SH,20230224,5.64,5.69,5.6,5.64,5.65,-0.01,-0.177,29195.01,16493.84
204,600202.SH,20230223,5.66,5.67,5.62,5.65,5.65,0.0,0.0,35806.0,20222.803
205,600202.SH,20230222,5.63,5.68,5.59,5.65,5.66,-0.01,-0.1767,33696.01,19043.829
206,600202.SH,20230221,5.7,5.71,5.62,5.66,5.63,0.03,0.5329,45753.0,25928.101
207,600202.SH,20230220,5.63,5.67,5.55,5.63,5.58,0.05,0.8961,57824.31,32459.043
208,600202.SH,20230217,5.61,5.68,5.56,5.58,5.52,0.06,1.087,71259.0,40018.805
209,600202.SH,20230216,5.7,5.73,5.5,5.52,5.7,-0.18,-3.1579,86763.36,48884.469
210,600202.SH,20230215,5.74,5.79,5.67,5.7,5.74,-0.04,-0.6969,45859.0,26252.146
211,600202.SH,20230214,5.71,5.75,5.68,5.74,5.7,0.04,0.7018,58234.78,33295.334
212,600202.SH,20230213,5.71,5.73,5.65,5.7,5.71,-0.01,-0.1751,67674.22,38484.398
213,600202.SH,20230210,5.68,5.74,5.62,5.71,5.68,0.03,0.5282,44357.0,25248.402
214,600202.SH,20230209,5.68,5.71,5.61,5.68,5.65,0.03,0.531,42813.0,24254.485
215,600202.SH,20230208,5.63,5.71,5.6,5.65,5.64,0.01,0.1773,54150.01,30629.374
216,600202.SH,20230207,5.65,5.67,5.57,5.64,5.64,0.0,0.0,54529.68,30652.941
217,600202.SH,20230206,5.58,5.67,5.56,5.64,5.56,0.08,1.4388,83717.86,47160.553
218,600202.SH,20230203,5.63,5.64,5.48,5.56,5.63,-0.07,-1.2433,61057.22,33810.334
219,600202.SH,20230202,5.63,5.67,5.57,5.63,5.63,0.0,0.0,62981.01,35450.58
220,600202.SH,20230201,5.6,5.65,5.54,5.63,5.61,0.02,0.3565,76614.0,42938.423
221,600202.SH,20230131,5.47,5.64,5.45,5.61,5.52,0.09,1.6304,79430.1,44176.032
222,600202.SH,20230130,5.48,5.54,5.44,5.52,5.46,0.06,1.0989,62329.68,34295.574
223,600202.SH,20230120,5.37,5.47,5.36,5.46,5.35,0.11,2.0561,45705.0,24803.264
224,600202.SH,20230119,5.34,5.37,5.31,5.35,5.35,0.0,0.0,29954.0,16009.958
225,600202.SH,20230118,5.28,5.36,5.26,5.35,5.26,0.09,1.711,31891.0,16975.125
226,600202.SH,20230117,5.33,5.35,5.23,5.26,5.3,-0.04,-0.7547,37047.82,19520.063
227,600202.SH,20230116,5.28,5.36,5.27,5.3,5.29,0.01,0.189,40143.0,21334.428
228,600202.SH,20230113,5.27,5.34,5.24,5.29,5.29,0.0,0.0,32434.0,17109.131
229,600202.SH,20230112,5.28,5.34,5.25,5.29,5.29,0.0,0.0,34541.0,18275.385
230,600202.SH,20230111,5.38,5.38,5.27,5.29,5.37,-0.08,-1.4898,33635.0,17897.843
231,600202.SH,20230110,5.34,5.41,5.33,5.37,5.34,0.03,0.5618,55352.0,29685.347
232,600202.SH,20230109,5.31,5.4,5.29,5.34,5.29,0.05,0.9452,48356.0,25905.172
233,600202.SH,20230106,5.27,5.35,5.26,5.29,5.28,0.01,0.1894,44238.0,23469.716
234,600202.SH,20230105,5.25,5.31,5.2,5.28,5.25,0.03,0.5714,40966.0,21535.5
235,600202.SH,20230104,5.25,5.29,5.19,5.25,5.2,0.05,0.9615,50658.0,26587.784
236,600202.SH,20230103,5.05,5.22,5.01,5.2,5.03,0.17,3.3797,56123.92,28798.328
237,600202.SH,20221230,4.94,5.06,4.92,5.03,4.94,0.09,1.8219,38708.0,19402.722
238,600202.SH,20221229,4.99,5.04,4.93,4.94,5.0,-0.06,-1.2,37913.2,18842.291
239,600202.SH,20221228,5.06,5.12,4.98,5.0,5.05,-0.05,-0.9901,37833.0,19095.104
240,600202.SH,20221227,5.02,5.08,4.98,5.05,5.02,0.03,0.5976,34936.0,17583.861
241,600202.SH,20221226,4.93,5.02,4.87,5.02,4.87,0.15,3.0801,38459.1,19114.459
242,600202.SH,20221223,4.86,4.94,4.81,4.87,4.86,0.01,0.2058,35960.89,17523.01
243,600202.SH,20221222,4.98,5.0,4.83,4.86,4.96,-0.1,-2.0161,34733.99,17072.256
244,600202.SH,20221221,5.07,5.1,4.94,4.96,5.07,-0.11,-2.1696,34639.01,17315.534
245,600202.SH,20221220,4.97,5.1,4.93,5.07,4.97,0.1,2.0121,57886.02,29138.634
246,600202.SH,20221219,5.17,5.18,4.92,4.97,5.14,-0.17,-3.3074,68327.01,34180.859
247,600202.SH,20221216,5.2,5.23,5.1,5.14,5.23,-0.09,-1.7208,42987.0,22141.464
248,600202.SH,20221215,5.23,5.32,5.19,5.23,5.23,0.0,0.0,50854.24,26633.714
249,600202.SH,20221214,5.19,5.3,5.19,5.23,5.2,0.03,0.5769,53213.0,27964.654
250,600202.SH,20221213,5.22,5.29,5.18,5.2,5.19,0.01,0.1927,56482.0,29498.363
251,600202.SH,20221212,5.26,5.29,5.18,5.19,5.26,-0.07,-1.3308,54193.0,28300.365
252,600202.SH,20221209,5.34,5.37,5.24,5.26,5.31,-0.05,-0.9416,42511.9,22433.126
253,600202.SH,20221208,5.34,5.35,5.25,5.31,5.34,-0.03,-0.5618,51979.0,27530.903
254,600202.SH,20221207,5.35,5.37,5.29,5.34,5.39,-0.05,-0.9276,51481.89,27424.251
255,600202.SH,20221206,5.46,5.46,5.35,5.39,5.45,-0.06,-1.1009,44626.93,24022.012
256,600202.SH,20221205,5.4,5.46,5.37,5.45,5.4,0.05,0.9259,57898.24,31374.54
257,600202.SH,20221202,5.45,5.48,5.35,5.4,5.49,-0.09,-1.6393,70836.22,38236.941
258,600202.SH,20221201,5.39,5.51,5.35,5.49,5.36,0.13,2.4254,89234.0,48607.237
259,600202.SH,20221130,5.32,5.42,5.26,5.36,5.3,0.06,1.1321,63780.0,34100.985
260,600202.SH,20221129,5.23,5.32,5.2,5.3,5.2,0.1,1.9231,63957.0,33706.499
261,600202.SH,20221128,5.17,5.23,5.1,5.2,5.23,-0.03,-0.5736,49134.0,25396.739
262,600202.SH,20221125,5.26,5.28,5.2,5.23,5.27,-0.04,-0.759,40352.0,21089.662
263,600202.SH,20221124,5.25,5.3,5.19,5.27,5.22,0.05,0.9579,54417.02,28641.568
264,600202.SH,20221123,5.14,5.23,5.06,5.22,5.15,0.07,1.3592,58221.91,30076.132
265,600202.SH,20221122,5.21,5.3,5.12,5.15,5.21,-0.06,-1.1516,50947.0,26508.527
266,600202.SH,20221121,5.17,5.22,5.13,5.21,5.17,0.04,0.7737,52151.0,27041.86
267,600202.SH,20221118,5.19,5.26,5.14,5.17,5.18,-0.01,-0.1931,46796.89,24394.479
268,600202.SH,20221117,5.12,5.18,5.11,5.18,5.14,0.04,0.7782,35798.0,18439.83
269,600202.SH,20221116,5.17,5.2,5.12,5.14,5.14,0.0,0.0,37976.0,19583.822
270,600202.SH,20221115,5.09,5.15,5.07,5.14,5.09,0.05,0.9823,37723.2,19333.858
271,600202.SH,20221114,5.18,5.18,5.07,5.09,5.14,-0.05,-0.9728,48144.01,24653.794
272,600202.SH,20221111,5.14,5.23,5.11,5.14,5.06,0.08,1.581,83767.79,43352.412
273,600202.SH,20221110,5.08,5.12,5.04,5.06,5.11,-0.05,-0.9785,39336.0,19965.833
274,600202.SH,20221109,5.17,5.18,5.08,5.11,5.14,-0.03,-0.5837,39274.01,20078.53
275,600202.SH,20221108,5.1,5.14,5.01,5.14,5.05,0.09,1.7822,62668.11,31951.116
276,600202.SH,20221107,4.98,5.07,4.98,5.05,5.01,0.04,0.7984,55089.92,27767.6
277,600202.SH,20221104,5.0,5.04,4.95,5.01,4.95,0.06,1.2121,53765.0,26882.281
278,600202.SH,20221103,4.98,5.01,4.91,4.95,4.99,-0.04,-0.8016,43413.01,21519.348
279,600202.SH,20221102,4.98,5.06,4.94,4.99,5.03,-0.04,-0.7952,81059.0,40567.974
280,600202.SH,20221101,4.77,5.05,4.77,5.03,4.75,0.28,5.8947,123218.7,61404.594
281,600202.SH,20221031,4.58,4.86,4.56,4.75,4.56,0.19,4.1667,132244.08,63234.525
282,600202.SH,20221028,4.78,4.82,4.51,4.56,4.79,-0.23,-4.8017,54756.0,25370.275
283,600202.SH,20221027,4.84,4.9,4.77,4.79,4.83,-0.04,-0.8282,44710.0,21590.834
284,600202.SH,20221026,4.75,4.88,4.74,4.83,4.73,0.1,2.1142,51129.07,24662.685
285,600202.SH,20221025,4.71,4.81,4.61,4.73,4.71,0.02,0.4246,62980.96,29599.102
286,600202.SH,20221024,4.84,4.93,4.7,4.71,4.81,-0.1,-2.079,74191.0,35772.692
287,600202.SH,20221021,4.79,4.89,4.79,4.81,4.79,0.02,0.4175,37814.97,18289.953
288,600202.SH,20221020,4.82,4.89,4.73,4.79,4.84,-0.05,-1.0331,52814.11,25338.999
289,600202.SH,20221019,4.9,4.92,4.82,4.84,4.91,-0.07,-1.4257,45669.0,22228.048
290,600202.SH,20221018,4.93,4.97,4.87,4.91,4.9,0.01,0.2041,55507.69,27269.014
291,600202.SH,20221017,4.78,4.92,4.74,4.9,4.8,0.1,2.0833,56546.1,27413.571
292,600202.SH,20221014,4.72,4.83,4.72,4.8,4.72,0.08,1.6949,55649.01,26628.91
293,600202.SH,20221013,4.66,4.76,4.64,4.72,4.69,0.03,0.6397,58602.0,27561.4
294,600202.SH,20221012,4.54,4.69,4.47,4.69,4.55,0.14,3.0769,67308.0,30843.222
295,600202.SH,20221011,4.49,4.55,4.38,4.55,4.49,0.06,1.3363,48936.85,21960.334
296,600202.SH,20221010,4.53,4.62,4.45,4.49,4.53,-0.04,-0.883,49164.0,22296.016
297,600202.SH,20220930,4.59,4.68,4.52,4.53,4.58,-0.05,-1.0917,49489.11,22612.79
298,600202.SH,20220929,4.7,4.74,4.53,4.58,4.66,-0.08,-1.7167,73456.0,33992.1
299,600202.SH,20220928,4.82,4.86,4.65,4.66,4.84,-0.18,-3.719,76304.96,36072.351
300,600202.SH,20220927,4.78,4.88,4.67,4.84,4.78,0.06,1.2552,100619.0,47971.729
301,600202.SH,20220926,4.9,4.95,4.7,4.78,4.95,-0.17,-3.4343,97533.01,47052.508
302,600202.SH,20220923,5.08,5.12,4.93,4.95,5.06,-0.11,-2.1739,86819.0,43436.462
303,600202.SH,20220922,5.15,5.16,5.06,5.06,5.19,-0.13,-2.5048,72380.0,36984.962
304,600202.SH,20220921,5.07,5.21,4.92,5.19,5.08,0.11,2.1654,115440.78,58610.574
305,600202.SH,20220920,5.01,5.1,5.01,5.08,5.0,0.08,1.6,99431.11,50265.485
306,600202.SH,20220919,4.88,5.11,4.88,5.0,5.2,-0.2,-3.8462,147506.39,73403.185
307,600202.SH,20220916,5.58,5.67,5.2,5.2,5.78,-0.58,-10.0346,342312.5,181152.979
308,600202.SH,20220915,5.58,6.01,5.55,5.78,5.46,0.32,5.8608,467109.09,270874.233
309,600202.SH,20220914,5.55,5.61,5.41,5.46,5.69,-0.23,-4.0422,133484.61,73221.24
310,600202.SH,20220913,5.77,5.83,5.54,5.69,5.78,-0.09,-1.5571,158895.0,89625.36
311,600202.SH,20220909,6.02,6.1,5.63,5.78,6.07,-0.29,-4.7776,244493.0,141227.948
312,600202.SH,20220908,6.22,6.22,5.98,6.07,6.23,-0.16,-2.5682,194919.0,118499.536
313,600202.SH,20220907,6.07,6.26,6.03,6.23,6.07,0.16,2.6359,215019.01,132962.64
314,600202.SH,20220906,6.11,6.11,5.92,6.07,6.12,-0.05,-0.817,161254.05,97111.361
315,600202.SH,20220905,6.01,6.16,5.92,6.12,6.1,0.02,0.3279,185730.0,112825.626
316,600202.SH,20220902,5.83,6.2,5.74,6.1,5.77,0.33,5.7192,316200.03,190956.917
317,600202.SH,20220901,5.91,6.28,5.73,5.77,5.85,-0.08,-1.3675,209555.53,124079.866
318,600202.SH,20220831,6.1,6.13,5.72,5.85,6.18,-0.33,-5.3398,222022.33,130444.771
319,600202.SH,20220830,6.0,6.51,5.91,6.18,6.0,0.18,3.0,261245.0,162095.654
320,600202.SH,20220829,5.78,6.04,5.66,6.0,5.87,0.13,2.2147,122540.13,72460.516
321,600202.SH,20220826,5.81,6.15,5.78,5.87,5.81,0.06,1.0327,156714.01,93463.492
322,600202.SH,20220825,5.92,5.97,5.62,5.81,5.91,-0.1,-1.692,152790.2,88143.285
323,600202.SH,20220824,6.13,6.16,5.87,5.91,6.12,-0.21,-3.4314,174324.0,104724.768
324,600202.SH,20220823,6.12,6.18,6.01,6.12,6.12,0.0,0.0,177413.54,108343.072
325,600202.SH,20220822,6.16,6.38,6.04,6.12,6.23,-0.11,-1.7657,270958.79,166384.693
326,600202.SH,20220819,6.19,6.68,6.0,6.23,6.07,0.16,2.6359,514742.46,323031.215
327,600202.SH,20220818,5.83,6.45,5.83,6.07,5.86,0.21,3.5836,479276.85,298048.415
328,600202.SH,20220817,5.81,5.97,5.77,5.86,5.82,0.04,0.6873,147446.02,86721.243
329,600202.SH,20220816,5.67,5.98,5.67,5.82,5.64,0.18,3.1915,192994.19,112083.234
330,600202.SH,20220815,5.68,5.72,5.59,5.64,5.7,-0.06,-1.0526,73685.97,41533.708
331,600202.SH,20220812,5.64,5.74,5.6,5.7,5.67,0.03,0.5291,102037.0,57950.296
332,600202.SH,20220811,5.45,5.8,5.42,5.67,5.44,0.23,4.2279,213675.65,120998.295
333,600202.SH,20220810,5.26,5.53,5.22,5.44,5.25,0.19,3.619,132535.0,71477.714
334,600202.SH,20220809,5.22,5.34,5.22,5.25,5.27,-0.02,-0.3795,65784.01,34650.557
335,600202.SH,20220808,5.22,5.29,5.13,5.27,5.26,0.01,0.1901,70111.0,36691.904
336,600202.SH,20220805,5.28,5.3,5.13,5.26,5.26,0.0,0.0,95001.04,49450.528
337,600202.SH,20220804,5.26,5.32,5.14,5.26,5.25,0.01,0.1905,106433.0,55671.564
338,600202.SH,20220803,5.24,5.55,5.2,5.25,5.24,0.01,0.1908,127022.0,68342.306
339,600202.SH,20220802,5.55,5.56,5.18,5.24,5.61,-0.37,-6.5954,142076.0,75294.052
340,600202.SH,20220801,5.67,5.68,5.52,5.61,5.66,-0.05,-0.8834,82357.0,46122.393
341,600202.SH,20220729,5.6,5.85,5.59,5.66,5.61,0.05,0.8913,133773.81,76503.283
342,600202.SH,20220728,5.63,5.7,5.58,5.61,5.63,-0.02,-0.3552,87943.0,49557.338
343,600202.SH,20220727,5.68,5.72,5.59,5.63,5.71,-0.08,-1.4011,89275.93,50302.528
344,600202.SH,20220726,5.7,5.73,5.54,5.71,5.73,-0.02,-0.349,106228.2,60012.886
345,600202.SH,20220725,5.74,5.86,5.64,5.73,5.76,-0.03,-0.5208,147635.01,84891.833
346,600202.SH,20220722,5.77,5.83,5.65,5.76,5.73,0.03,0.5236,147637.0,84609.529
347,600202.SH,20220721,5.63,5.93,5.59,5.73,5.67,0.06,1.0582,201534.0,115896.317
348,600202.SH,20220720,5.6,5.7,5.52,5.67,5.58,0.09,1.6129,140142.01,78713.21
349,600202.SH,20220719,5.68,5.74,5.49,5.58,5.65,-0.07,-1.2389,155398.01,86432.875
350,600202.SH,20220718,5.33,5.84,5.33,5.65,5.31,0.34,6.403,222660.01,125650.694
351,600202.SH,20220715,5.58,5.6,5.27,5.31,5.64,-0.33,-5.8511,167272.53,90125.22
352,600202.SH,20220714,5.53,5.67,5.34,5.64,5.76,-0.12,-2.0833,208754.22,115832.519
353,600202.SH,20220713,5.57,5.77,5.53,5.76,5.53,0.23,4.1591,194725.69,110873.392
354,600202.SH,20220712,5.56,5.69,5.49,5.53,5.59,-0.06,-1.0733,142470.21,79544.674
355,600202.SH,20220711,5.55,5.69,5.43,5.59,5.53,0.06,1.085,161241.0,89710.089
356,600202.SH,20220708,5.46,5.73,5.38,5.53,5.43,0.1,1.8416,181251.23,101006.395
357,600202.SH,20220707,5.19,5.49,5.17,5.43,5.2,0.23,4.4231,178762.38,96412.327
358,600202.SH,20220706,5.25,5.3,5.16,5.2,5.3,-0.1,-1.8868,83523.36,43633.622
359,600202.SH,20220705,5.26,5.41,5.19,5.3,5.25,0.05,0.9524,131408.79,69776.023
360,600202.SH,20220704,5.24,5.28,5.19,5.25,5.24,0.01,0.1908,88671.94,46357.205
361,600202.SH,20220701,5.25,5.33,5.18,5.24,5.25,-0.01,-0.1905,90405.0,47517.796
362,600202.SH,20220630,5.27,5.33,5.23,5.25,5.27,-0.02,-0.3795,101959.0,53888.394
363,600202.SH,20220629,5.42,5.52,5.27,5.27,5.46,-0.19,-3.4799,138908.0,74958.008
364,600202.SH,20220628,5.38,5.48,5.26,5.46,5.33,0.13,2.439,145663.93,79022.772
365,600202.SH,20220627,5.33,5.38,5.29,5.33,5.33,0.0,0.0,85264.81,45493.569
366,600202.SH,20220624,5.37,5.42,5.31,5.33,5.4,-0.07,-1.2963,104102.0,55705.907
367,600202.SH,20220623,5.21,5.4,5.18,5.4,5.22,0.18,3.4483,132723.01,70488.876
368,600202.SH,20220622,5.29,5.45,5.18,5.22,5.28,-0.06,-1.1364,153161.9,81220.945
369,600202.SH,20220621,5.48,5.55,5.23,5.28,5.45,-0.17,-3.1193,153010.0,81376.528
370,600202.SH,20220620,5.42,5.67,5.4,5.45,5.41,0.04,0.7394,168019.0,91971.272
371,600202.SH,20220617,5.48,5.63,5.37,5.41,5.53,-0.12,-2.17,182496.0,99464.255
372,600202.SH,20220616,5.4,5.64,5.34,5.53,5.48,0.05,0.9124,227387.54,124908.174
373,600202.SH,20220615,5.39,5.89,5.39,5.48,5.4,0.08,1.4815,323808.95,181844.885
374,600202.SH,20220614,5.4,5.43,5.16,5.4,5.53,-0.13,-2.3508,276163.13,146080.817
375,600202.SH,20220613,5.55,5.65,5.44,5.53,5.72,-0.19,-3.3217,306752.44,169125.532
376,600202.SH,20220610,5.4,6.04,5.28,5.72,5.49,0.23,4.1894,482667.14,277124.593
377,600202.SH,20220609,5.4,5.86,5.25,5.49,5.49,0.0,0.0,379415.31,208407.016
378,600202.SH,20220608,5.55,5.8,5.39,5.49,5.51,-0.02,-0.363,427403.11,239666.386
379,600202.SH,20220607,5.32,5.83,5.24,5.51,5.37,0.14,2.6071,280460.01,154587.537
380,600202.SH,20220606,5.35,5.39,5.29,5.37,5.35,0.02,0.3738,87562.0,46682.689
381,600202.SH,20220602,5.38,5.38,5.25,5.35,5.34,0.01,0.1873,73997.0,39356.816
382,600202.SH,20220601,5.25,5.36,5.18,5.34,5.24,0.1,1.9084,86519.0,45725.587
383,600202.SH,20220531,5.25,5.32,5.21,5.24,5.24,0.0,0.0,113276.2,59616.615
384,600202.SH,20220530,5.12,5.29,5.09,5.24,5.08,0.16,3.1496,129064.51,67100.033
385,600202.SH,20220527,4.99,5.11,4.97,5.08,5.02,0.06,1.1952,106573.2,53771.086
386,600202.SH,20220526,5.05,5.07,4.92,5.02,5.01,0.01,0.1996,75151.45,37593.516
387,600202.SH,20220525,4.92,5.02,4.88,5.01,4.91,0.1,2.0367,81323.21,40372.252
388,600202.SH,20220524,5.21,5.21,4.9,4.91,5.21,-0.3,-5.7582,127870.0,64536.656
389,600202.SH,20220523,5.2,5.22,5.1,5.21,5.17,0.04,0.7737,98017.11,50631.45
390,600202.SH,20220520,5.01,5.22,5.01,5.17,5.02,0.15,2.988,125941.69,64629.989
391,600202.SH,20220519,4.89,5.08,4.84,5.02,4.97,0.05,1.006,112662.01,56126.597
392,600202.SH,20220518,4.89,5.05,4.83,4.97,4.9,0.07,1.4286,117637.02,58168.753
393,600202.SH,20220517,4.93,4.97,4.8,4.9,4.91,-0.01,-0.2037,99901.01,48592.353
394,600202.SH,20220516,4.8,4.95,4.8,4.91,4.82,0.09,1.8672,127521.0,62429.517
395,600202.SH,20220513,4.72,4.82,4.72,4.82,4.77,0.05,1.0482,97357.0,46504.604
396,600202.SH,20220512,4.63,4.79,4.62,4.77,4.67,0.1,2.1413,121110.14,57321.79
397,600202.SH,20220511,4.69,4.79,4.66,4.67,4.66,0.01,0.2146,171438.2,81026.338
398,600202.SH,20220510,4.54,4.67,4.48,4.66,4.59,0.07,1.5251,135768.0,62286.613
399,600202.SH,20220509,4.49,4.69,4.49,4.59,4.49,0.1,2.2272,131908.0,60851.851
400,600202.SH,20220506,4.49,4.61,4.41,4.49,4.61,-0.12,-2.603,170491.0,76916.693
401,600202.SH,20220505,4.53,4.7,4.4,4.61,4.51,0.1,2.2173,249892.95,114073.409
402,600202.SH,20220429,4.26,4.61,4.26,4.51,4.19,0.32,7.6372,335208.3,149108.542
403,600202.SH,20220428,4.47,4.47,4.12,4.19,4.53,-0.34,-7.5055,307054.29,130883.967
404,600202.SH,20220427,4.37,4.74,4.37,4.53,4.86,-0.33,-6.7901,432629.0,192452.941
405,600202.SH,20220426,4.86,5.01,4.86,4.86,5.4,-0.54,-10.0,353353.66,172416.07
406,600202.SH,20220425,5.83,5.84,5.4,5.4,6.0,-0.6,-10.0,334340.09,186413.853
407,600202.SH,20220422,5.29,6.0,5.13,6.0,5.45,0.55,10.0917,817305.61,468379.276
408,600202.SH,20220421,5.45,5.45,5.31,5.45,4.95,0.5,10.101,440532.91,239474.789
409,600202.SH,20220420,5.02,5.06,4.88,4.95,5.04,-0.09,-1.7857,60752.41,30187.83
410,600202.SH,20220419,4.9,5.11,4.89,5.04,4.88,0.16,3.2787,88860.01,44725.91
411,600202.SH,20220418,4.86,4.97,4.78,4.88,4.91,-0.03,-0.611,77832.0,38079.709
412,600202.SH,20220415,5.08,5.08,4.9,4.91,5.12,-0.21,-4.1016,76098.01,37902.163
413,600202.SH,20220414,5.07,5.16,5.04,5.12,5.07,0.05,0.9862,75533.01,38485.996
414,600202.SH,20220413,5.16,5.16,5.0,5.07,5.16,-0.09,-1.7442,63692.3,32244.502
415,600202.SH,20220412,5.08,5.16,4.92,5.16,5.05,0.11,2.1782,86121.0,43337.106
416,600202.SH,20220411,5.1,5.18,5.01,5.05,5.18,-0.13,-2.5097,98910.9,50133.526
417,600202.SH,20220408,5.24,5.31,5.05,5.18,5.29,-0.11,-2.0794,122867.91,63272.964
418,600202.SH,20220407,5.52,5.58,5.25,5.29,5.55,-0.26,-4.6847,142155.0,76464.902
419,600202.SH,20220406,5.31,5.69,5.29,5.55,5.27,0.28,5.3131,213061.9,118350.526
420,600202.SH,20220401,5.3,5.34,5.24,5.27,5.32,-0.05,-0.9398,73650.0,38910.645
421,600202.SH,20220331,5.25,5.36,5.22,5.32,5.31,0.01,0.1883,89731.0,47620.951
422,600202.SH,20220330,5.28,5.32,5.21,5.31,5.23,0.08,1.5296,92355.2,48598.997
423,600202.SH,20220329,5.4,5.44,5.21,5.23,5.37,-0.14,-2.6071,103072.2,54647.443
424,600202.SH,20220328,5.5,5.53,5.35,5.37,5.55,-0.18,-3.2432,116809.3,63164.801
425,600202.SH,20220325,5.5,5.61,5.46,5.55,5.53,0.02,0.3617,113054.86,62679.927
426,600202.SH,20220324,5.54,5.64,5.49,5.53,5.61,-0.08,-1.426,112669.56,62399.926
427,600202.SH,20220323,5.75,5.78,5.59,5.61,5.68,-0.07,-1.2324,117592.94,66592.141
428,600202.SH,20220322,5.75,5.76,5.64,5.68,5.74,-0.06,-1.0453,128829.31,73110.094
429,600202.SH,20220321,5.56,5.77,5.51,5.74,5.55,0.19,3.4234,222946.01,126342.25
430,600202.SH,20220318,5.58,5.65,5.5,5.55,5.6,-0.05,-0.8929,184671.0,102901.192
431,600202.SH,20220317,5.48,5.62,5.44,5.6,5.48,0.12,2.1898,250885.36,139262.956
432,600202.SH,20220316,5.2,5.6,5.16,5.48,5.14,0.34,6.6148,302567.02,162585.839
433,600202.SH,20220315,5.4,5.51,5.14,5.14,5.48,-0.34,-6.2044,219293.12,117538.388
434,600202.SH,20220314,5.75,5.78,5.48,5.48,5.79,-0.31,-5.3541,232888.01,130882.976
435,600202.SH,20220311,5.9,5.91,5.51,5.79,6.0,-0.21,-3.5,355163.01,202784.146
436,600202.SH,20220310,6.1,6.15,5.82,6.0,6.02,-0.02,-0.3322,372590.25,224033.809
437,600202.SH,20220309,5.8,6.07,5.69,6.02,5.83,0.19,3.259,372531.34,220506.309
438,600202.SH,20220308,6.3,6.31,5.7,5.83,6.32,-0.49,-7.7532,407627.0,241003.358
439,600202.SH,20220307,6.23,6.51,6.11,6.32,6.51,-0.19,-2.9186,456186.09,287537.696
440,600202.SH,20220304,7.0,7.23,6.46,6.51,7.18,-0.67,-9.3315,828892.62,561150.411
441,600202.SH,20220303,6.75,7.18,6.68,7.18,6.53,0.65,9.9541,979745.01,684910.275
442,600202.SH,20220302,5.78,6.53,5.77,6.53,5.94,0.59,9.9327,371775.45,236667.994
443,600202.SH,20220301,5.81,6.05,5.66,5.94,6.16,-0.22,-3.5714,556505.77,327120.748
444,600202.SH,20220228,7.14,7.14,6.12,6.16,6.49,-0.33,-5.0847,872617.05,592635.089
445,600202.SH,20220225,5.84,6.49,5.73,6.49,5.9,0.59,10.0,250659.08,158204.623
446,600202.SH,20220224,5.67,6.27,5.61,5.9,5.7,0.2,3.5088,476671.25,285447.496
447,600202.SH,20220223,5.79,5.83,5.65,5.7,5.78,-0.08,-1.3841,149156.01,85030.829
448,600202.SH,20220222,5.59,6.13,5.55,5.78,5.62,0.16,2.847,298716.32,173842.11
449,600202.SH,20220221,5.52,5.71,5.47,5.62,5.56,0.06,1.0791,126692.0,71154.819
450,600202.SH,20220218,5.55,5.62,5.51,5.56,5.6,-0.04,-0.7143,105943.78,58885.091
451,600202.SH,20220217,5.66,5.71,5.53,5.6,5.72,-0.12,-2.0979,156421.0,87611.27
452,600202.SH,20220216,5.6,5.73,5.52,5.72,5.59,0.13,2.3256,205334.72,115783.627
453,600202.SH,20220215,5.6,5.61,5.41,5.59,5.61,-0.02,-0.3565,158189.01,87375.314
454,600202.SH,20220214,5.4,5.63,5.32,5.61,5.41,0.2,3.6969,222492.85,123484.335
455,600202.SH,20220211,5.54,5.56,5.38,5.41,5.58,-0.17,-3.0466,159120.86,86406.281
456,600202.SH,20220210,5.39,5.74,5.35,5.58,5.53,0.05,0.9042,240659.11,133777.082
457,600202.SH,20220209,5.4,5.58,5.31,5.53,5.43,0.1,1.8416,356677.66,194425.612
458,600202.SH,20220208,5.01,5.43,5.01,5.43,4.94,0.49,9.919,137294.0,73713.233
459,600202.SH,20220207,4.96,5.0,4.8,4.94,4.86,0.08,1.6461,68822.84,33862.441
460,600202.SH,20220128,4.79,4.91,4.69,4.86,4.74,0.12,2.5316,74892.0,36064.154
461,600202.SH,20220127,4.88,4.92,4.72,4.74,4.88,-0.14,-2.8689,69696.0,33547.332
462,600202.SH,20220126,4.87,4.98,4.83,4.88,4.82,0.06,1.2448,56386.0,27663.228
463,600202.SH,20220125,5.09,5.1,4.82,4.82,5.05,-0.23,-4.5545,83376.01,41102.003
464,600202.SH,20220124,5.08,5.14,4.87,5.05,5.08,-0.03,-0.5906,101376.81,50979.261
465,600202.SH,20220121,4.97,5.16,4.94,5.08,4.99,0.09,1.8036,140396.19,71241.031
466,600202.SH,20220120,5.46,5.48,4.94,4.99,5.49,-0.5,-9.1075,274180.23,140734.852
467,600202.SH,20220119,5.37,5.59,5.31,5.49,5.32,0.17,3.1955,197089.49,107208.095
468,600202.SH,20220118,5.35,5.4,5.23,5.32,5.38,-0.06,-1.1152,129712.0,69037.852
469,600202.SH,20220117,5.35,5.47,5.31,5.38,5.3,0.08,1.5094,148626.01,79869.423
470,600202.SH,20220114,5.42,5.48,5.29,5.3,5.46,-0.16,-2.9304,171181.92,91942.487
471,600202.SH,20220113,5.55,5.65,5.43,5.46,5.55,-0.09,-1.6216,197402.19,108631.52
472,600202.SH,20220112,5.52,5.66,5.44,5.55,5.7,-0.15,-2.6316,297467.0,165181.783
473,600202.SH,20220111,5.99,6.33,5.59,5.7,5.89,-0.19,-3.2258,567462.17,333919.216
474,600202.SH,20220110,5.37,5.89,5.36,5.89,5.35,0.54,10.0935,158194.78,90277.079
475,600202.SH,20220107,5.54,5.56,5.21,5.35,5.43,-0.08,-1.4733,412027.96,221009.338
476,600202.SH,20220106,4.99,5.43,4.96,5.43,4.94,0.49,9.919,203449.6,107867.331
477,600202.SH,20220105,5.03,5.09,4.88,4.94,5.04,-0.1,-1.9841,134415.0,66661.429
478,600202.SH,20220104,4.95,5.11,4.91,5.04,4.94,0.1,2.0243,173597.06,87344.953
479,600202.SH,20211231,4.93,5.1,4.91,4.94,4.86,0.08,1.6461,170000.0,84834.607
480,600202.SH,20211230,4.87,4.9,4.81,4.86,4.86,0.0,0.0,99410.0,48431.371
481,600202.SH,20211229,4.87,4.96,4.8,4.86,4.86,0.0,0.0,122477.87,59710.668
482,600202.SH,20211228,4.99,5.03,4.81,4.86,4.96,-0.1,-2.0161,173932.0,84913.34
483,600202.SH,20211227,4.73,5.13,4.73,4.96,4.78,0.18,3.7657,269198.45,133901.943
484,600202.SH,20211224,5.0,5.03,4.75,4.78,5.01,-0.23,-4.5908,231544.09,113092.277
485,600202.SH,20211223,4.98,5.15,4.93,5.01,5.14,-0.13,-2.5292,334423.11,167717.739
486,600202.SH,20211222,5.62,5.63,5.1,5.14,5.61,-0.47,-8.3779,561568.13,297841.819
487,600202.SH,20211221,5.2,5.61,4.91,5.61,5.1,0.51,10.0,604292.52,325712.758
488,600202.SH,20211220,4.67,5.1,4.63,5.1,4.64,0.46,9.9138,209799.1,105693.886
489,600202.SH,20211217,4.6,4.7,4.53,4.64,4.6,0.04,0.8696,104389.61,48268.42
490,600202.SH,20211216,4.49,4.62,4.49,4.6,4.49,0.11,2.4499,112672.55,51475.063
491,600202.SH,20211215,4.43,4.53,4.41,4.49,4.42,0.07,1.5837,97894.0,43893.66
492,600202.SH,20211214,4.39,4.44,4.37,4.42,4.42,0.0,0.0,49014.0,21607.651
493,600202.SH,20211213,4.46,4.51,4.39,4.42,4.45,-0.03,-0.6742,52830.0,23374.645
494,600202.SH,20211210,4.4,4.48,4.36,4.45,4.4,0.05,1.1364,66106.6,29322.982
495,600202.SH,20211209,4.4,4.42,4.36,4.4,4.39,0.01,0.2278,56020.0,24598.962
496,600202.SH,20211208,4.44,4.46,4.37,4.39,4.44,-0.05,-1.1261,50813.02,22370.069
497,600202.SH,20211207,4.46,4.48,4.36,4.44,4.44,0.0,0.0,63790.01,28170.904
498,600202.SH,20211206,4.48,4.56,4.42,4.44,4.48,-0.04,-0.8929,68172.0,30563.342
499,600202.SH,20211203,4.44,4.54,4.42,4.48,4.42,0.06,1.3575,77703.0,34879.444
500,600202.SH,20211202,4.51,4.51,4.41,4.42,4.51,-0.09,-1.9956,62590.0,27807.579
501,600202.SH,20211201,4.47,4.52,4.43,4.51,4.46,0.05,1.1211,54154.7,24305.402
502,600202.SH,20211130,4.37,4.54,4.32,4.46,4.34,0.12,2.765,111015.0,49771.683
503,600202.SH,20211129,4.31,4.4,4.27,4.34,4.38,-0.04,-0.9132,60342.58,26178.704
504,600202.SH,20211126,4.41,4.49,4.33,4.38,4.44,-0.06,-1.3514,47959.0,20992.017
505,600202.SH,20211125,4.38,4.51,4.36,4.44,4.4,0.04,0.9091,71876.0,31890.017
506,600202.SH,20211124,4.29,4.43,4.24,4.4,4.34,0.06,1.3825,85495.45,37020.318
507,600202.SH,20211123,4.33,4.36,4.3,4.34,4.33,0.01,0.2309,45716.0,19792.05
508,600202.SH,20211122,4.35,4.4,4.29,4.33,4.34,-0.01,-0.2304,46910.0,20313.53
509,600202.SH,20211119,4.28,4.37,4.28,4.34,4.28,0.06,1.4019,49069.01,21237.279
510,600202.SH,20211118,4.37,4.39,4.27,4.28,4.34,-0.06,-1.3825,62665.0,27159.286
511,600202.SH,20211117,4.23,4.36,4.2,4.34,4.23,0.11,2.6005,90105.88,38656.709
512,600202.SH,20211116,4.25,4.3,4.21,4.23,4.26,-0.03,-0.7042,64496.0,27382.317
513,600202.SH,20211115,4.19,4.27,4.15,4.26,4.17,0.09,2.1583,84286.98,35555.96
514,600202.SH,20211112,4.15,4.19,4.11,4.17,4.15,0.02,0.4819,61572.29,25547.966
515,600202.SH,20211111,4.09,4.2,4.06,4.15,4.08,0.07,1.7157,111502.23,46148.409
516,600202.SH,20211110,4.07,4.08,4.01,4.08,4.07,0.01,0.2457,81478.92,32912.099
517,600202.SH,20211109,4.05,4.1,4.02,4.07,4.05,0.02,0.4938,84237.0,34134.294
518,600202.SH,20211108,4.06,4.1,4.0,4.05,4.06,-0.01,-0.2463,120321.01,48738.537
519,600202.SH,20211105,4.16,4.17,4.05,4.06,4.19,-0.13,-3.1026,151320.01,61792.412
520,600202.SH,20211104,4.05,4.37,4.05,4.19,4.04,0.15,3.7129,243044.51,101894.552
521,600202.SH,20211103,4.1,4.13,3.98,4.04,4.13,-0.09,-2.1792,168464.67,68118.965
522,600202.SH,20211102,4.39,4.43,4.09,4.13,4.42,-0.29,-6.5611,260713.69,109612.096
523,600202.SH,20211101,4.66,4.7,4.38,4.42,4.76,-0.34,-7.1429,314130.78,141612.648
524,600202.SH,20211029,5.03,5.05,4.56,4.76,5.04,-0.28,-5.5556,313217.28,148180.495
525,600202.SH,20211028,4.54,5.04,4.53,5.04,4.58,0.46,10.0437,208863.29,102476.089
526,600202.SH,20211027,4.57,4.66,4.44,4.58,4.57,0.01,0.2188,98922.26,45143.751
527,600202.SH,20211026,4.75,4.85,4.56,4.57,4.9,-0.33,-6.7347,158307.0,74001.771
528,600202.SH,20211025,4.77,5.23,4.73,4.9,4.75,0.15,3.1579,229864.0,115895.062
529,600202.SH,20211022,4.91,4.99,4.72,4.75,4.94,-0.19,-3.8462,69310.56,33455.633
530,600202.SH,20211021,4.98,5.05,4.91,4.94,5.01,-0.07,-1.3972,63383.6,31434.788
531,600202.SH,20211020,5.11,5.12,4.99,5.01,5.07,-0.06,-1.1834,68727.05,34665.621
532,600202.SH,20211019,5.07,5.18,5.03,5.07,5.08,-0.01,-0.1969,85832.43,43702.504
533,600202.SH,20211018,4.84,5.14,4.75,5.08,4.83,0.25,5.176,143695.6,71796.187
534,600202.SH,20211015,4.9,4.93,4.66,4.83,4.83,0.0,0.0,103165.1,49495.263
535,600202.SH,20211014,4.74,4.89,4.55,4.83,4.75,0.08,1.6842,99153.0,47124.612
536,600202.SH,20211013,4.74,4.82,4.53,4.75,4.74,0.01,0.211,101008.0,47112.755
537,600202.SH,20211012,4.93,4.97,4.68,4.74,4.9,-0.16,-3.2653,97308.88,46525.393
538,600202.SH,20211011,5.12,5.12,4.85,4.9,5.12,-0.22,-4.2969,112808.0,55571.145
539,600202.SH,20211008,5.17,5.24,4.92,5.12,5.08,0.04,0.7874,122808.78,61937.59
540,600202.SH,20210930,4.84,5.14,4.8,5.08,4.81,0.27,5.6133,132593.55,66431.404
541,600202.SH,20210929,5.1,5.29,4.68,4.81,5.03,-0.22,-4.3738,200516.53,99030.243
542,600202.SH,20210928,4.66,5.03,4.62,5.03,4.57,0.46,10.0656,166227.05,81466.213
543,600202.SH,20210927,4.88,4.93,4.44,4.57,4.93,-0.36,-7.3022,156619.6,72160.339
544,600202.SH,20210924,5.06,5.08,4.9,4.93,5.05,-0.12,-2.3762,84453.9,41760.965
545,600202.SH,20210923,5.01,5.08,4.97,5.05,5.05,0.0,0.0,72266.0,36322.805
546,600202.SH,20210922,4.98,5.07,4.81,5.05,4.99,0.06,1.2024,114132.32,56856.132
547,600202.SH,20210917,4.97,5.07,4.91,4.99,5.01,-0.02,-0.3992,101374.0,50587.727
548,600202.SH,20210916,5.07,5.12,4.97,5.01,5.09,-0.08,-1.5717,98823.0,49733.875
549,600202.SH,20210915,5.02,5.24,4.95,5.09,5.1,-0.01,-0.1961,131211.2,66151.46
550,600202.SH,20210914,4.92,5.18,4.83,5.1,4.93,0.17,3.4483,198164.95,100179.828
551,600202.SH,20210913,4.82,5.02,4.78,4.93,4.81,0.12,2.4948,142307.65,70226.105
552,600202.SH,20210910,4.98,5.04,4.75,4.81,5.0,-0.19,-3.8,147064.0,71533.37
553,600202.SH,20210909,4.88,5.13,4.85,5.0,4.9,0.1,2.0408,150303.93,75086.979
554,600202.SH,20210908,4.9,4.99,4.83,4.9,4.92,-0.02,-0.4065,111358.98,54379.102
555,600202.SH,20210907,4.65,5.12,4.65,4.92,4.67,0.25,5.3533,236736.81,116585.796
556,600202.SH,20210906,4.54,4.68,4.53,4.67,4.57,0.1,2.1882,101409.01,46878.503
557,600202.SH,20210903,4.54,4.73,4.53,4.57,4.55,0.02,0.4396,102385.01,47207.373
558,600202.SH,20210902,4.41,4.6,4.4,4.55,4.46,0.09,2.0179,94432.01,42753.289
559,600202.SH,20210901,4.41,4.54,4.33,4.46,4.45,0.01,0.2247,120266.29,53448.534
560,600202.SH,20210831,4.38,4.58,4.34,4.45,4.38,0.07,1.5982,113443.9,50710.48
561,600202.SH,20210830,4.39,4.46,4.33,4.38,4.36,0.02,0.4587,89988.5,39483.495
562,600202.SH,20210827,4.33,4.45,4.33,4.36,4.41,-0.05,-1.1338,78134.59,34225.107
563,600202.SH,20210826,4.3,4.5,4.27,4.41,4.36,0.05,1.1468,125646.99,55366.153
564,600202.SH,20210825,4.23,4.38,4.19,4.36,4.21,0.15,3.5629,140931.0,60826.105
565,600202.SH,20210824,4.23,4.26,4.16,4.21,4.24,-0.03,-0.7075,102453.0,43206.366
566,600202.SH,20210823,4.26,4.27,4.11,4.24,4.21,0.03,0.7126,123618.92,52111.284
567,600202.SH,20210820,4.04,4.24,4.02,4.21,4.05,0.16,3.9506,171445.89,71208.127
568,600202.SH,20210819,4.02,4.07,3.94,4.05,4.01,0.04,0.9975,108263.35,43384.643
569,600202.SH,20210818,4.06,4.09,3.98,4.01,4.09,-0.08,-1.956,137603.55,55388.639
570,600202.SH,20210817,4.02,4.17,4.02,4.09,3.99,0.1,2.5063,169055.51,69296.868
571,600202.SH,20210816,4.05,4.18,3.97,3.99,4.04,-0.05,-1.2376,117311.44,47590.991
572,600202.SH,20210813,3.87,4.05,3.85,4.04,3.88,0.16,4.1237,126076.86,50165.441
573,600202.SH,20210812,3.89,3.92,3.83,3.88,3.89,-0.01,-0.2571,34805.5,13460.61
574,600202.SH,20210811,3.85,3.91,3.85,3.89,3.87,0.02,0.5168,36545.34,14177.426
575,600202.SH,20210810,3.8,3.9,3.75,3.87,3.78,0.09,2.381,61280.92,23621.038
576,600202.SH,20210809,3.73,3.8,3.72,3.78,3.75,0.03,0.8,27184.02,10233.824
577,600202.SH,20210806,3.72,3.77,3.69,3.75,3.73,0.02,0.5362,22505.81,8368.448
578,600202.SH,20210805,3.74,3.74,3.69,3.73,3.75,-0.02,-0.5333,20308.1,7555.769
579,600202.SH,20210804,3.75,3.77,3.72,3.75,3.75,0.0,0.0,18051.0,6762.951
580,600202.SH,20210803,3.72,3.77,3.71,3.75,3.73,0.02,0.5362,21393.0,8013.734
581,600202.SH,20210802,3.65,3.74,3.64,3.73,3.68,0.05,1.3587,25468.0,9451.113
582,600202.SH,20210730,3.56,3.68,3.55,3.68,3.57,0.11,3.0812,35521.01,12891.99
583,600202.SH,20210729,3.56,3.61,3.54,3.57,3.54,0.03,0.8475,27289.6,9769.664
584,600202.SH,20210728,3.7,3.73,3.52,3.54,3.7,-0.16,-4.3243,43782.62,15686.465
585,600202.SH,20210727,3.74,3.79,3.68,3.7,3.74,-0.04,-1.0695,24687.82,9222.331
586,600202.SH,20210726,3.79,3.79,3.7,3.74,3.79,-0.05,-1.3193,39726.0,14861.666
587,600202.SH,20210723,3.82,3.84,3.77,3.79,3.84,-0.05,-1.3021,28588.0,10865.886
588,600202.SH,20210722,3.84,3.85,3.8,3.84,3.84,0.0,0.0,33425.87,12786.341
589,600202.SH,20210721,3.82,3.89,3.8,3.84,3.82,0.02,0.5236,29594.61,11376.876
590,600202.SH,20210720,3.8,3.83,3.77,3.82,3.81,0.01,0.2625,19946.0,7567.539
591,600202.SH,20210719,3.8,3.82,3.76,3.81,3.8,0.01,0.2632,31484.96,11908.496
592,600202.SH,20210716,3.83,3.87,3.8,3.8,3.83,-0.03,-0.7833,36087.4,13826.599
593,600202.SH,20210715,3.89,3.89,3.77,3.83,3.88,-0.05,-1.2887,49646.2,18961.468
594,600202.SH,20210714,3.92,3.97,3.88,3.88,3.91,-0.03,-0.7673,52334.6,20563.266
595,600202.SH,20210713,3.93,3.93,3.9,3.91,3.93,-0.02,-0.5089,34944.2,13665.891
596,600202.SH,20210712,3.91,3.97,3.9,3.93,3.92,0.01,0.2551,61141.0,24047.27
597,600202.SH,20210709,3.9,3.93,3.88,3.92,3.89,0.03,0.7712,48797.0,19036.027
598,600202.SH,20210708,3.94,3.95,3.86,3.89,3.92,-0.03,-0.7653,45878.02,17832.311
599,600202.SH,20210707,3.89,3.95,3.87,3.92,3.9,0.02,0.5128,49174.0,19291.278
600,600202.SH,20210706,3.87,3.91,3.84,3.9,3.87,0.03,0.7752,36656.0,14236.406
601,600202.SH,20210705,3.83,3.89,3.83,3.87,3.83,0.04,1.0444,40882.01,15784.319
602,600202.SH,20210702,3.74,3.88,3.72,3.83,3.74,0.09,2.4064,62176.03,23753.919
603,600202.SH,20210701,3.84,3.85,3.73,3.74,3.84,-0.1,-2.6042,52473.01,19903.093
604,600202.SH,20210630,3.83,3.85,3.8,3.84,3.84,0.0,0.0,32982.6,12608.012
605,600202.SH,20210629,3.88,3.89,3.83,3.84,3.89,-0.05,-1.2853,36408.2,14032.052
606,600202.SH,20210628,3.92,3.92,3.88,3.89,3.91,-0.02,-0.5115,36396.2,14170.873
607,600202.SH,20210625,3.94,3.94,3.87,3.91,3.94,-0.03,-0.7614,41433.2,16161.02
608,600202.SH,20210624,3.87,3.99,3.87,3.94,3.9,0.04,1.0256,85567.0,33709.408
609,600202.SH,20210623,3.87,3.92,3.85,3.9,3.89,0.01,0.2571,54112.0,20989.296
610,600202.SH,20210622,3.85,3.91,3.82,3.89,3.84,0.05,1.3021,53291.2,20697.824
611,600202.SH,20210621,3.84,3.87,3.8,3.84,3.84,0.0,0.0,46420.0,17825.837
612,600202.SH,20210618,3.8,3.91,3.76,3.84,3.82,0.02,0.5236,52503.0,20166.647
613,600202.SH,20210617,3.78,3.83,3.77,3.82,3.8,0.02,0.5263,35617.01,13539.98
614,600202.SH,20210616,3.84,3.85,3.8,3.8,3.83,-0.03,-0.7833,33670.0,12850.756
615,600202.SH,20210615,3.93,3.94,3.81,3.83,3.93,-0.1,-2.5445,55214.06,21282.409
616,600202.SH,20210611,3.94,3.97,3.92,3.93,3.95,-0.02,-0.5063,43676.2,17229.917
617,600202.SH,20210610,3.94,3.95,3.92,3.95,3.94,0.01,0.2538,46723.0,18382.031
618,600202.SH,20210609,3.91,3.98,3.89,3.94,3.91,0.03,0.7673,61460.61,24222.182
619,600202.SH,20210608,3.92,3.92,3.88,3.91,3.92,-0.01,-0.2551,47000.1,18335.422
620,600202.SH,20210607,3.93,3.96,3.89,3.92,3.93,-0.01,-0.2545,39432.0,15486.865
621,600202.SH,20210604,3.97,3.97,3.92,3.93,3.98,-0.05,-1.2563,45577.0,17975.532
622,600202.SH,20210603,3.95,3.99,3.94,3.98,3.94,0.04,1.0152,67929.2,26960.866
623,600202.SH,20210602,3.93,3.98,3.91,3.94,3.93,0.01,0.2545,53661.0,21126.671
624,600202.SH,20210601,3.93,3.94,3.89,3.93,3.92,0.01,0.2551,58582.6,22957.759
625,600202.SH,20210531,3.96,3.97,3.91,3.92,3.95,-0.03,-0.7595,49585.0,19467.791
626,600202.SH,20210528,3.94,3.97,3.91,3.95,3.95,0.0,0.0,58728.0,23140.085
627,600202.SH,20210527,3.95,3.96,3.92,3.95,3.95,0.0,0.0,54550.53,21483.17
628,600202.SH,20210526,3.94,3.98,3.93,3.95,3.93,0.02,0.5089,58848.6,23265.231
629,600202.SH,20210525,3.92,3.94,3.87,3.93,3.93,0.0,0.0,63143.0,24645.144
630,600202.SH,20210524,3.83,3.94,3.82,3.93,3.82,0.11,2.8796,87371.01,34040.205
631,600202.SH,20210521,3.78,3.86,3.78,3.82,3.81,0.01,0.2625,58206.01,22225.521
632,600202.SH,20210520,3.86,3.91,3.81,3.81,3.84,-0.03,-0.7813,75245.0,28974.233
633,600202.SH,20210519,3.87,3.89,3.8,3.84,3.9,-0.06,-1.5385,74534.57,28586.631
634,600202.SH,20210518,3.85,3.91,3.8,3.9,3.85,0.05,1.2987,50721.52,19688.906
635,600202.SH,20210517,3.96,3.97,3.85,3.85,3.96,-0.11,-2.7778,71269.01,27688.834
636,600202.SH,20210514,3.96,4.01,3.94,3.96,3.96,0.0,0.0,77794.0,30869.74
637,600202.SH,20210513,4.0,4.05,3.92,3.96,4.01,-0.05,-1.2469,105659.0,42098.984
638,600202.SH,20210512,3.87,4.07,3.84,4.01,3.88,0.13,3.3505,175959.36,70229.912
639,600202.SH,20210511,3.85,3.89,3.83,3.88,3.86,0.02,0.5181,77583.56,29959.174
640,600202.SH,20210510,3.82,3.89,3.76,3.86,3.81,0.05,1.3123,88791.0,33996.065
641,600202.SH,20210507,3.79,3.87,3.73,3.81,3.79,0.02,0.5277,114355.0,43502.106
642,600202.SH,20210506,3.79,3.81,3.75,3.79,3.79,0.0,0.0,76963.0,29181.934
643,600202.SH,20210430,3.86,3.87,3.71,3.79,3.89,-0.1,-2.5707,159242.0,60398.742
644,600202.SH,20210429,3.95,4.0,3.88,3.89,4.03,-0.14,-3.4739,130317.15,51372.402
645,600202.SH,20210428,4.05,4.07,3.99,4.03,4.08,-0.05,-1.2255,111176.0,44750.896
646,600202.SH,20210427,4.05,4.11,3.92,4.08,4.05,0.03,0.7407,184000.34,73991.106
647,600202.SH,20210426,4.14,4.19,4.04,4.05,4.2,-0.15,-3.5714,198719.21,81267.616
648,600202.SH,20210423,4.35,4.4,4.18,4.2,4.31,-0.11,-2.5522,225158.21,96425.498
649,600202.SH,20210422,4.38,4.4,4.29,4.31,4.4,-0.09,-2.0455,215658.15,93485.366
650,600202.SH,20210421,4.36,4.42,4.27,4.4,4.46,-0.06,-1.3453,290032.85,126086.553
651,600202.SH,20210420,4.61,4.67,4.42,4.46,4.82,-0.36,-7.4689,474167.78,214298.197
652,600202.SH,20210419,4.86,5.15,4.79,4.82,5.32,-0.5,-9.3985,734665.74,357644.7
653,600202.SH,20210416,4.84,5.32,4.84,5.32,4.84,0.48,9.9174,814816.21,421581.412
654,600202.SH,20210415,5.09,5.5,4.72,4.84,5.24,-0.4,-7.6336,797787.49,397859.989
655,600202.SH,20210414,5.0,5.24,4.73,5.24,4.76,0.48,10.084,867563.15,442070.251
656,600202.SH,20210413,4.76,4.76,4.76,4.76,4.33,0.43,9.9307,99134.23,47187.893
657,600202.SH,20210412,3.95,4.33,3.91,4.33,3.94,0.39,9.8985,120424.81,49753.348
658,600202.SH,20210409,3.85,3.96,3.84,3.94,3.86,0.08,2.0725,26458.0,10375.221
659,600202.SH,20210408,3.95,3.95,3.86,3.86,3.95,-0.09,-2.2785,24925.01,9706.986
660,600202.SH,20210407,3.89,3.95,3.89,3.95,3.92,0.03,0.7653,22978.0,9035.98
661,600202.SH,20210406,3.85,3.95,3.84,3.92,3.86,0.06,1.5544,26954.51,10490.519
662,600202.SH,20210402,3.92,3.95,3.83,3.86,3.91,-0.05,-1.2788,24740.0,9568.191
663,600202.SH,20210401,3.94,3.95,3.86,3.91,3.92,-0.01,-0.2551,23661.5,9226.827
664,600202.SH,20210331,3.84,3.93,3.84,3.92,3.87,0.05,1.292,19184.5,7483.472
665,600202.SH,20210330,3.97,3.97,3.84,3.87,3.92,-0.05,-1.2755,27290.01,10602.146
666,600202.SH,20210329,3.88,4.03,3.88,3.92,3.91,0.01,0.2558,37192.0,14687.928
667,600202.SH,20210326,3.77,3.98,3.77,3.91,3.75,0.16,4.2667,38397.01,14932.567
668,600202.SH,20210325,3.88,3.93,3.75,3.75,3.88,-0.13,-3.3505,29268.0,11166.113
669,600202.SH,20210324,3.84,3.93,3.84,3.88,3.87,0.01,0.2584,19079.0,7421.511
670,600202.SH,20210323,3.98,4.01,3.86,3.87,3.98,-0.11,-2.7638,27152.0,10639.908
671,600202.SH,20210322,3.92,4.02,3.91,3.98,3.93,0.05,1.2723,36836.55,14605.078
672,600202.SH,20210319,3.87,3.95,3.85,3.93,3.9,0.03,0.7692,23791.01,9307.082
673,600202.SH,20210318,3.88,3.94,3.86,3.9,3.89,0.01,0.2571,23432.42,9120.606
674,600202.SH,20210317,3.93,3.98,3.87,3.89,3.97,-0.08,-2.0151,31210.51,12182.002
675,600202.SH,20210316,3.95,4.0,3.87,3.97,3.93,0.04,1.0178,48760.55,19205.959
676,600202.SH,20210315,3.75,4.05,3.75,3.93,3.75,0.18,4.8,81380.62,32001.955
677,600202.SH,20210312,3.82,3.83,3.73,3.75,3.82,-0.07,-1.8325,28610.42,10786.87
678,600202.SH,20210311,3.82,3.85,3.76,3.82,3.83,-0.01,-0.2611,22669.05,8634.477
679,600202.SH,20210310,3.82,3.93,3.77,3.83,3.86,-0.03,-0.7772,27308.19,10438.633
680,600202.SH,20210309,3.82,3.92,3.72,3.86,3.85,0.01,0.2597,43869.0,16884.883
681,600202.SH,20210308,3.91,3.95,3.82,3.85,3.84,0.01,0.2604,23416.0,9090.103
682,600202.SH,20210305,3.71,3.86,3.7,3.84,3.72,0.12,3.2258,27359.61,10405.254
683,600202.SH,20210304,3.69,3.79,3.68,3.72,3.71,0.01,0.2695,21857.61,8182.817
684,600202.SH,20210303,3.65,3.71,3.65,3.71,3.66,0.05,1.3661,14280.01,5275.807
685,600202.SH,20210302,3.71,3.74,3.64,3.66,3.71,-0.05,-1.3477,15389.72,5679.098
686,600202.SH,20210301,3.65,3.72,3.65,3.71,3.65,0.06,1.6438,14436.01,5341.05
687,600202.SH,20210226,3.63,3.67,3.57,3.65,3.61,0.04,1.108,16200.0,5897.507
688,600202.SH,20210225,3.72,3.72,3.6,3.61,3.7,-0.09,-2.4324,29696.0,10830.335
689,600202.SH,20210224,3.75,3.75,3.69,3.7,3.73,-0.03,-0.8043,15333.53,5694.388
690,600202.SH,20210223,3.68,3.76,3.63,3.73,3.67,0.06,1.6349,28993.25,10767.876
691,600202.SH,20210222,3.62,3.77,3.62,3.67,3.6,0.07,1.9444,29780.5,11030.476
692,600202.SH,20210219,3.47,3.61,3.45,3.6,3.49,0.11,3.1519,19969.0,7116.57
693,600202.SH,20210218,3.39,3.51,3.38,3.49,3.36,0.13,3.869,27051.01,9347.879
694,600202.SH,20210210,3.33,3.38,3.31,3.36,3.3,0.06,1.8182,14555.0,4888.665
695,600202.SH,20210209,3.24,3.33,3.22,3.3,3.24,0.06,1.8519,18781.58,6182.609
696,600202.SH,20210208,3.26,3.28,3.2,3.24,3.23,0.01,0.3096,19274.0,6262.657
697,600202.SH,20210205,3.26,3.33,3.21,3.23,3.25,-0.02,-0.6154,22226.1,7243.015
698,600202.SH,20210204,3.35,3.36,3.1,3.25,3.34,-0.09,-2.6946,21936.6,7113.551
699,600202.SH,20210203,3.41,3.43,3.32,3.34,3.43,-0.09,-2.6239,14381.7,4840.258
700,600202.SH,20210202,3.44,3.49,3.39,3.43,3.43,0.0,0.0,17092.0,5866.005
701,600202.SH,20210201,3.6,3.6,3.3,3.43,3.54,-0.11,-3.1073,23552.6,8172.63
702,600202.SH,20210129,3.6,3.6,3.49,3.54,3.59,-0.05,-1.3928,14833.0,5243.014
703,600202.SH,20210128,3.52,3.63,3.52,3.59,3.6,-0.01,-0.2778,9785.31,3520.466
704,600202.SH,20210127,3.58,3.62,3.53,3.6,3.58,0.02,0.5587,13484.31,4827.82
705,600202.SH,20210126,3.57,3.63,3.55,3.58,3.6,-0.02,-0.5556,11322.85,4057.753
706,600202.SH,20210125,3.72,3.72,3.58,3.6,3.71,-0.11,-2.965,20547.0,7430.702
707,600202.SH,20210122,3.81,3.81,3.7,3.71,3.8,-0.09,-2.3684,15648.13,5843.06
708,600202.SH,20210121,3.78,3.82,3.76,3.8,3.78,0.02,0.5291,12961.1,4917.688
709,600202.SH,20210120,3.79,3.8,3.74,3.78,3.78,0.0,0.0,10160.32,3840.336
710,600202.SH,20210119,3.78,3.81,3.74,3.78,3.76,0.02,0.5319,20482.0,7741.103
711,600202.SH,20210118,3.73,3.81,3.73,3.76,3.74,0.02,0.5348,22521.55,8491.759
712,600202.SH,20210115,3.69,3.75,3.68,3.74,3.68,0.06,1.6304,17683.28,6588.155
713,600202.SH,20210114,3.67,3.69,3.56,3.68,3.68,0.0,0.0,20867.67,7625.904
714,600202.SH,20210113,3.79,3.79,3.63,3.68,3.8,-0.12,-3.1579,26770.16,9847.551
715,600202.SH,20210112,3.75,3.85,3.75,3.8,3.8,0.0,0.0,19565.1,7441.825
716,600202.SH,20210111,3.92,3.93,3.75,3.8,3.93,-0.13,-3.3079,31483.0,11998.301
717,600202.SH,20210108,3.97,3.98,3.85,3.93,3.97,-0.04,-1.0076,18535.6,7254.29
718,600202.SH,20210107,4.06,4.07,3.92,3.97,4.07,-0.1,-2.457,33289.45,13267.042
719,600202.SH,20210106,4.16,4.18,4.04,4.07,4.16,-0.09,-2.1635,36867.36,15049.464
720,600202.SH,20210105,4.22,4.24,4.15,4.16,4.24,-0.08,-1.8868,22457.0,9389.023
721,600202.SH,20210104,4.23,4.26,4.2,4.24,4.21,0.03,0.7126,19645.84,8312.483
722,600202.SH,20201231,4.22,4.26,4.17,4.21,4.21,0.0,0.0,21601.67,9087.627
723,600202.SH,20201230,4.23,4.26,4.18,4.21,4.2,0.01,0.2381,19620.02,8273.079
724,600202.SH,20201229,4.18,4.24,4.15,4.2,4.19,0.01,0.2387,21992.0,9225.815
725,600202.SH,20201228,4.26,4.3,4.18,4.19,4.26,-0.07,-1.6432,30514.0,12909.14
726,600202.SH,20201225,4.1,4.28,4.1,4.26,4.13,0.13,3.1477,36514.88,15382.247
727,600202.SH,20201224,4.19,4.21,4.09,4.13,4.22,-0.09,-2.1327,28024.0,11593.142
728,600202.SH,20201223,4.11,4.25,4.11,4.22,4.13,0.09,2.1792,22537.0,9479.384
729,600202.SH,20201222,4.23,4.25,4.12,4.13,4.23,-0.1,-2.3641,24952.0,10429.976
730,600202.SH,20201221,4.2,4.28,4.17,4.23,4.18,0.05,1.1962,20666.0,8752.672
731,600202.SH,20201218,4.2,4.25,4.15,4.18,4.19,-0.01,-0.2387,15025.0,6304.492
732,600202.SH,20201217,4.12,4.19,4.09,4.19,4.14,0.05,1.2077,22958.01,9522.618
733,600202.SH,20201216,4.21,4.23,4.12,4.14,4.21,-0.07,-1.6627,16159.69,6741.823
734,600202.SH,20201215,4.23,4.28,4.19,4.21,4.28,-0.07,-1.6355,24881.01,10519.387
735,600202.SH,20201214,4.21,4.29,4.13,4.28,4.17,0.11,2.6379,30356.9,12828.312
736,600202.SH,20201211,4.27,4.31,4.14,4.17,4.28,-0.11,-2.5701,25217.49,10621.172
737,600202.SH,20201210,4.23,4.33,4.21,4.28,4.24,0.04,0.9434,22289.4,9499.667
738,600202.SH,20201209,4.33,4.33,4.21,4.24,4.32,-0.08,-1.8519,24780.58,10555.674
739,600202.SH,20201208,4.37,4.39,4.32,4.32,4.35,-0.03,-0.6897,11861.0,5164.892
740,600202.SH,20201207,4.41,4.42,4.33,4.35,4.41,-0.06,-1.3605,19497.11,8527.266
741,600202.SH,20201204,4.38,4.45,4.35,4.41,4.38,0.03,0.6849,26896.41,11815.156
742,600202.SH,20201203,4.4,4.42,4.36,4.38,4.39,-0.01,-0.2278,16561.04,7261.957
743,600202.SH,20201202,4.39,4.44,4.36,4.39,4.39,0.0,0.0,23437.52,10315.856
744,600202.SH,20201201,4.34,4.4,4.3,4.39,4.31,0.08,1.8561,20009.02,8741.331
745,600202.SH,20201130,4.34,4.41,4.29,4.31,4.35,-0.04,-0.9195,30770.0,13451.366
746,600202.SH,20201127,4.31,4.35,4.22,4.35,4.28,0.07,1.6355,24355.77,10432.848
747,600202.SH,20201126,4.29,4.32,4.25,4.28,4.27,0.01,0.2342,15407.02,6607.754
748,600202.SH,20201125,4.36,4.38,4.27,4.27,4.36,-0.09,-2.0642,19964.12,8616.165
749,600202.SH,20201124,4.37,4.4,4.33,4.36,4.36,0.0,0.0,19334.0,8449.299
750,600202.SH,20201123,4.34,4.44,4.34,4.36,4.35,0.01,0.2299,24958.02,10918.762
751,600202.SH,20201120,4.29,4.38,4.28,4.35,4.31,0.04,0.9281,30901.0,13413.748
752,600202.SH,20201119,4.33,4.33,4.27,4.31,4.29,0.02,0.4662,17733.12,7607.374
753,600202.SH,20201118,4.32,4.35,4.26,4.29,4.3,-0.01,-0.2326,23434.0,10083.972
754,600202.SH,20201117,4.3,4.34,4.26,4.3,4.3,0.0,0.0,22177.0,9525.322
755,600202.SH,20201116,4.28,4.3,4.23,4.3,4.24,0.06,1.4151,24396.0,10431.679
756,600202.SH,20201113,4.23,4.28,4.19,4.24,4.25,-0.01,-0.2353,17476.0,7408.411
757,600202.SH,20201112,4.18,4.28,4.18,4.25,4.2,0.05,1.1905,26062.0,11050.397
758,600202.SH,20201111,4.17,4.24,4.14,4.2,4.16,0.04,0.9615,23727.71,9935.389
759,600202.SH,20201110,4.26,4.26,4.14,4.16,4.24,-0.08,-1.8868,29544.0,12368.178
760,600202.SH,20201109,4.16,4.26,4.15,4.24,4.15,0.09,2.1687,31749.0,13397.429
761,600202.SH,20201106,4.19,4.2,4.13,4.15,4.19,-0.04,-0.9547,24049.0,9991.397
762,600202.SH,20201105,4.15,4.23,4.15,4.19,4.14,0.05,1.2077,26501.6,11071.137
763,600202.SH,20201104,4.19,4.2,4.09,4.14,4.17,-0.03,-0.7194,20480.1,8486.429
764,600202.SH,20201103,4.08,4.18,4.08,4.17,4.09,0.08,1.956,26165.1,10816.924
765,600202.SH,20201102,4.14,4.15,4.06,4.09,4.12,-0.03,-0.7282,22881.0,9368.712
766,600202.SH,20201030,4.28,4.3,4.1,4.12,4.28,-0.16,-3.7383,35819.0,15020.09
767,600202.SH,20201029,4.29,4.34,4.26,4.28,4.32,-0.04,-0.9259,25106.66,10786.584
768,600202.SH,20201028,4.33,4.34,4.25,4.32,4.33,-0.01,-0.2309,23740.0,10213.977
769,600202.SH,20201027,4.37,4.38,4.31,4.33,4.37,-0.04,-0.9153,27024.0,11729.048
770,600202.SH,20201026,4.35,4.39,4.31,4.37,4.35,0.02,0.4598,19444.25,8467.445
771,600202.SH,20201023,4.36,4.42,4.31,4.35,4.36,-0.01,-0.2294,20532.2,8949.362
772,600202.SH,20201022,4.38,4.4,4.34,4.36,4.4,-0.04,-0.9091,17611.0,7690.649
773,600202.SH,20201021,4.48,4.48,4.36,4.4,4.49,-0.09,-2.0045,35078.0,15420.031
774,600202.SH,20201020,4.43,4.5,4.38,4.49,4.43,0.06,1.3544,24494.63,10893.806
775,600202.SH,20201019,4.41,4.5,4.37,4.43,4.41,0.02,0.4535,32115.0,14297.909
776,600202.SH,20201016,4.36,4.42,4.35,4.41,4.34,0.07,1.6129,26714.01,11726.647
777,600202.SH,20201015,4.4,4.41,4.32,4.34,4.4,-0.06,-1.3636,23662.26,10313.27
778,600202.SH,20201014,4.46,4.46,4.37,4.4,4.47,-0.07,-1.566,21680.01,9560.755
779,600202.SH,20201013,4.48,4.5,4.42,4.47,4.47,0.0,0.0,33893.0,15096.379
780,600202.SH,20201012,4.38,4.5,4.38,4.47,4.38,0.09,2.0548,27503.53,12264.319
781,600202.SH,20201009,4.3,4.44,4.3,4.38,4.26,0.12,2.8169,30854.27,13542.237
782,600202.SH,20200930,4.3,4.31,4.19,4.26,4.26,0.0,0.0,29365.0,12498.956
783,600202.SH,20200929,4.25,4.36,4.2,4.26,4.24,0.02,0.4717,24944.41,10720.302
784,600202.SH,20200928,4.33,4.39,4.21,4.24,4.35,-0.11,-2.5287,23773.88,10175.648
785,600202.SH,20200925,4.44,4.45,4.31,4.35,4.43,-0.08,-1.8059,21701.0,9466.446
786,600202.SH,20200924,4.56,4.56,4.41,4.43,4.59,-0.16,-3.4858,30123.0,13462.692
787,600202.SH,20200923,4.53,4.61,4.52,4.59,4.53,0.06,1.3245,23709.36,10810.759
788,600202.SH,20200922,4.58,4.59,4.5,4.53,4.61,-0.08,-1.7354,24465.0,11137.976
789,600202.SH,20200921,4.73,4.73,4.58,4.61,4.65,-0.04,-0.8602,42289.0,19523.168
790,600202.SH,20200918,4.55,4.65,4.55,4.65,4.58,0.07,1.5284,32906.01,15166.731
791,600202.SH,20200917,4.56,4.62,4.49,4.58,4.55,0.03,0.6593,23072.0,10534.678
792,600202.SH,20200916,4.53,4.56,4.48,4.55,4.53,0.02,0.4415,21201.98,9593.732
793,600202.SH,20200915,4.59,4.62,4.49,4.53,4.6,-0.07,-1.5217,35285.01,16039.786
794,600202.SH,20200914,4.55,4.64,4.54,4.6,4.56,0.04,0.8772,31649.07,14538.848
795,600202.SH,20200911,4.49,4.6,4.46,4.56,4.53,0.03,0.6623,46834.01,21200.186
796,600202.SH,20200910,4.73,4.81,4.49,4.53,4.74,-0.21,-4.4304,76054.0,35184.784
797,600202.SH,20200909,4.8,4.9,4.73,4.74,4.82,-0.08,-1.6598,63866.19,30818.284
798,600202.SH,20200908,4.75,4.82,4.71,4.82,4.74,0.08,1.6878,43417.0,20711.383
799,600202.SH,20200907,4.77,4.85,4.71,4.74,4.78,-0.04,-0.8368,51806.0,24862.005
800,600202.SH,20200904,4.65,4.84,4.62,4.78,4.74,0.04,0.8439,50304.0,23954.124
801,600202.SH,20200903,4.79,4.88,4.7,4.74,4.76,-0.02,-0.4202,72224.0,34667.476
802,600202.SH,20200902,4.74,4.78,4.68,4.76,4.74,0.02,0.4219,45749.01,21657.751
803,600202.SH,20200901,4.68,4.75,4.67,4.74,4.68,0.06,1.2821,34172.39,16067.711
804,600202.SH,20200831,4.76,4.76,4.66,4.68,4.74,-0.06,-1.2658,41874.42,19766.488
805,600202.SH,20200828,4.71,4.78,4.66,4.74,4.72,0.02,0.4237,34699.35,16351.558
806,600202.SH,20200827,4.62,4.74,4.58,4.72,4.62,0.1,2.1645,42180.0,19706.195
807,600202.SH,20200826,4.64,4.68,4.56,4.62,4.65,-0.03,-0.6452,29748.0,13765.556
808,600202.SH,20200825,4.68,4.69,4.63,4.65,4.68,-0.03,-0.641,27282.38,12689.179
809,600202.SH,20200824,4.66,4.72,4.6,4.68,4.67,0.01,0.2141,37449.65,17457.83
810,600202.SH,20200821,4.72,4.75,4.65,4.67,4.72,-0.05,-1.0593,51170.58,24027.386
811,600202.SH,20200820,4.82,4.82,4.68,4.72,4.81,-0.09,-1.8711,79331.07,37417.928
812,600202.SH,20200819,4.65,4.9,4.62,4.81,4.65,0.16,3.4409,161248.67,77311.237
813,600202.SH,20200818,4.72,4.72,4.62,4.65,4.69,-0.04,-0.8529,40826.01,19070.306
814,600202.SH,20200817,4.67,4.73,4.64,4.73,4.68,0.05,1.0684,50172.01,23520.578
815,600202.SH,20200814,4.63,4.69,4.56,4.68,4.63,0.05,1.0799,40150.02,18624.387
816,600202.SH,20200813,4.54,4.69,4.51,4.63,4.54,0.09,1.9824,46294.0,21417.835
817,600202.SH,20200812,4.56,4.57,4.44,4.54,4.52,0.02,0.4425,41679.48,18702.628
818,600202.SH,20200811,4.63,4.67,4.5,4.52,4.63,-0.11,-2.3758,47834.01,21880.176
819,600202.SH,20200810,4.55,4.68,4.53,4.63,4.57,0.06,1.3129,40001.1,18547.83
820,600202.SH,20200807,4.61,4.63,4.46,4.57,4.63,-0.06,-1.2959,38255.37,17362.821
821,600202.SH,20200806,4.69,4.7,4.57,4.63,4.68,-0.05,-1.0684,47371.26,21871.936
822,600202.SH,20200805,4.67,4.7,4.62,4.68,4.68,0.0,0.0,44067.94,20524.102
823,600202.SH,20200804,4.66,4.73,4.64,4.68,4.69,-0.01,-0.2132,61252.72,28673.413
824,600202.SH,20200803,4.66,4.71,4.62,4.69,4.65,0.04,0.8602,74584.71,34842.049
825,600202.SH,20200731,4.52,4.65,4.52,4.65,4.53,0.12,2.649,70457.06,32344.688
826,600202.SH,20200730,4.53,4.57,4.51,4.53,4.52,0.01,0.2212,46942.4,21310.263
827,600202.SH,20200729,4.46,4.53,4.41,4.52,4.48,0.04,0.8929,37024.07,16612.649
828,600202.SH,20200728,4.45,4.51,4.42,4.48,4.42,0.06,1.3575,31138.12,13926.988
829,600202.SH,20200727,4.4,4.46,4.35,4.42,4.4,0.02,0.4545,29938.34,13196.758
830,600202.SH,20200724,4.52,4.52,4.36,4.4,4.52,-0.12,-2.6549,35453.0,15742.487
831,600202.SH,20200723,4.53,4.55,4.39,4.52,4.55,-0.03,-0.6593,52171.1,23301.935
832,600202.SH,20200722,4.53,4.63,4.51,4.55,4.56,-0.01,-0.2193,53679.21,24515.898
833,600202.SH,20200721,4.5,4.63,4.49,4.56,4.5,0.06,1.3333,72514.68,33026.498
834,600202.SH,20200720,4.38,4.51,4.37,4.5,4.36,0.14,3.211,79435.01,35461.03
835,600202.SH,20200717,4.39,4.41,4.3,4.36,4.32,0.04,0.9259,34366.1,14955.807
836,600202.SH,20200716,4.4,4.47,4.32,4.32,4.39,-0.07,-1.5945,57813.99,25371.672
837,600202.SH,20200715,4.52,4.55,4.39,4.39,4.54,-0.15,-3.304,71335.79,31868.405
838,600202.SH,20200714,4.51,4.58,4.46,4.54,4.51,0.03,0.6652,84699.5,38274.919
839,600202.SH,20200713,4.45,4.53,4.42,4.51,4.42,0.09,2.0362,84013.36,37765.907
840,600202.SH,20200710,4.47,4.49,4.39,4.42,4.5,-0.08,-1.7778,61894.82,27447.042
841,600202.SH,20200709,4.43,4.52,4.41,4.5,4.44,0.06,1.3514,67540.99,30192.26
842,600202.SH,20200708,4.37,4.45,4.31,4.44,4.35,0.09,2.069,61428.97,26952.897
843,600202.SH,20200707,4.37,4.41,4.29,4.35,4.35,0.0,0.0,60061.89,26253.071
844,600202.SH,20200706,4.25,4.36,4.24,4.35,4.22,0.13,3.0806,54169.34,23333.432
845,600202.SH,20200703,4.2,4.23,4.18,4.22,4.17,0.05,1.199,30180.08,12710.842
846,600202.SH,20200702,4.11,4.18,4.1,4.17,4.11,0.06,1.4599,30538.71,12650.711
847,600202.SH,20200701,4.13,4.16,4.08,4.11,4.13,-0.02,-0.4843,19828.41,8148.416
848,600202.SH,20200630,4.11,4.16,4.07,4.13,4.09,0.04,0.978,21408.0,8822.078
849,600202.SH,20200629,4.16,4.16,4.07,4.09,4.15,-0.06,-1.4458,19908.8,8169.821
850,600202.SH,20200624,4.18,4.2,4.15,4.15,4.2,-0.05,-1.1905,12749.3,5305.677
851,600202.SH,20200623,4.21,4.22,4.14,4.2,4.21,-0.01,-0.2375,20883.09,8721.764
852,600202.SH,20200622,4.23,4.23,4.19,4.21,4.22,-0.01,-0.237,19392.94,8165.677
853,600202.SH,20200619,4.2,4.24,4.18,4.22,4.2,0.02,0.4762,17095.68,7205.276
854,600202.SH,20200618,4.19,4.21,4.16,4.2,4.2,0.0,0.0,13759.81,5762.401
855,600202.SH,20200617,4.18,4.2,4.15,4.2,4.2,0.0,0.0,18304.41,7648.353
856,600202.SH,20200616,4.16,4.21,4.16,4.2,4.16,0.04,0.9615,14924.19,6251.192
857,600202.SH,20200615,4.16,4.22,4.15,4.16,4.17,-0.01,-0.2398,19695.16,8230.63
858,600202.SH,20200612,4.16,4.22,4.12,4.17,4.23,-0.06,-1.4184,21527.33,8959.355
859,600202.SH,20200611,4.2,4.25,4.17,4.23,4.2,0.03,0.7143,24269.32,10187.668
860,600202.SH,20200610,4.26,4.27,4.16,4.2,4.27,-0.07,-1.6393,22153.88,9313.614
861,600202.SH,20200609,4.3,4.3,4.22,4.27,4.22,0.05,1.1848,17994.0,7646.392
862,600202.SH,20200608,4.25,4.35,4.19,4.22,4.25,-0.03,-0.7059,27042.0,11495.604
863,600202.SH,20200605,4.27,4.3,4.17,4.25,4.27,-0.02,-0.4684,37770.1,15942.885
864,600202.SH,20200604,4.29,4.39,4.25,4.27,4.26,0.01,0.2347,34712.17,14938.873
865,600202.SH,20200603,4.22,4.42,4.21,4.26,4.26,0.0,0.0,46970.89,20158.905
866,600202.SH,20200602,4.18,4.28,4.15,4.26,4.16,0.1,2.4038,41485.68,17539.327
867,600202.SH,20200601,4.14,4.18,4.09,4.16,4.09,0.07,1.7115,26647.36,11070.623
868,600202.SH,20200529,4.08,4.16,4.04,4.09,4.09,0.0,0.0,24906.71,10246.355
869,600202.SH,20200528,4.11,4.12,4.01,4.09,4.08,0.01,0.2451,18915.05,7668.126
870,600202.SH,20200527,4.14,4.16,4.07,4.08,4.14,-0.06,-1.4493,27547.34,11315.896
871,600202.SH,20200526,4.09,4.14,4.06,4.14,4.06,0.08,1.9704,23052.9,9459.691
872,600202.SH,20200525,4.06,4.06,4.0,4.06,4.07,-0.01,-0.2457,16547.0,6666.268
873,600202.SH,20200522,4.1,4.14,4.03,4.07,4.12,-0.05,-1.2136,20234.96,8236.147
874,600202.SH,20200521,4.1,4.16,4.08,4.12,4.1,0.02,0.4878,27698.0,11408.687
875,600202.SH,20200520,4.1,4.1,4.05,4.1,4.09,0.01,0.2445,17616.0,7185.394
876,600202.SH,20200519,4.08,4.12,4.07,4.09,4.07,0.02,0.4914,15408.83,6299.304
877,600202.SH,20200518,4.1,4.1,4.05,4.07,4.08,-0.01,-0.2451,13742.57,5608.358
878,600202.SH,20200515,4.09,4.12,4.07,4.08,4.09,-0.01,-0.2445,19297.18,7887.999
879,600202.SH,20200514,4.13,4.13,4.07,4.09,4.13,-0.04,-0.9685,19945.0,8162.825
880,600202.SH,20200513,4.09,4.14,4.09,4.13,4.15,-0.02,-0.4819,16563.0,6820.053
881,600202.SH,20200512,4.18,4.18,4.07,4.15,4.18,-0.03,-0.7177,20705.04,8549.478
882,600202.SH,20200511,4.21,4.24,4.15,4.18,4.21,-0.03,-0.7126,23291.71,9766.809
883,600202.SH,20200508,4.2,4.24,4.15,4.21,4.18,0.03,0.7177,15789.72,6650.524
884,600202.SH,20200507,4.22,4.23,4.15,4.18,4.22,-0.04,-0.9479,18525.01,7756.875
885,600202.SH,20200506,4.14,4.22,4.13,4.22,4.18,0.04,0.9569,18334.1,7678.925
886,600202.SH,20200430,4.14,4.2,4.11,4.18,4.1,0.08,1.9512,20545.73,8553.329
887,600202.SH,20200429,4.1,4.14,3.96,4.1,4.06,0.04,0.9852,19345.25,7944.219
888,600202.SH,20200428,4.15,4.17,3.95,4.06,4.17,-0.11,-2.6379,22950.82,9359.116
889,600202.SH,20200427,4.21,4.25,4.15,4.17,4.18,-0.01,-0.2392,18664.02,7845.713
890,600202.SH,20200424,4.26,4.26,4.15,4.18,4.27,-0.09,-2.1077,28041.0,11788.056
891,600202.SH,20200423,4.33,4.33,4.25,4.27,4.33,-0.06,-1.3857,21570.0,9232.212
892,600202.SH,20200422,4.24,4.33,4.2,4.33,4.28,0.05,1.1682,22138.0,9468.287
893,600202.SH,20200421,4.33,4.35,4.22,4.28,4.3,-0.02,-0.4651,15797.0,6765.713
894,600202.SH,20200420,4.31,4.32,4.25,4.3,4.3,0.0,0.0,17728.36,7574.615
895,600202.SH,20200417,4.38,4.4,4.3,4.3,4.35,-0.05,-1.1494,18972.36,8243.249
896,600202.SH,20200416,4.29,4.37,4.29,4.35,4.33,0.02,0.4619,14364.6,6228.737
897,600202.SH,20200415,4.4,4.4,4.31,4.33,4.4,-0.07,-1.5909,20189.02,8794.422
898,600202.SH,20200414,4.35,4.4,4.32,4.4,4.35,0.05,1.1494,22698.35,9946.6
899,600202.SH,20200413,4.28,4.38,4.18,4.35,4.28,0.07,1.6355,34475.7,14866.767
900,600202.SH,20200410,4.4,4.4,4.26,4.28,4.39,-0.11,-2.5057,26364.53,11370.103
901,600202.SH,20200409,4.38,4.44,4.36,4.39,4.37,0.02,0.4577,26283.0,11580.88
902,600202.SH,20200408,4.31,4.38,4.31,4.37,4.33,0.04,0.9238,23257.14,10128.2
903,600202.SH,20200407,4.33,4.37,4.31,4.33,4.27,0.06,1.4052,28649.16,12421.485
904,600202.SH,20200403,4.27,4.32,4.24,4.27,4.27,0.0,0.0,19078.0,8149.906
905,600202.SH,20200402,4.23,4.27,4.17,4.27,4.22,0.05,1.1848,23118.01,9784.929
906,600202.SH,20200401,4.25,4.29,4.19,4.22,4.22,0.0,0.0,19135.0,8126.773
907,600202.SH,20200331,4.2,4.23,4.16,4.22,4.19,0.03,0.716,17358.0,7277.505
908,600202.SH,20200330,4.29,4.29,4.12,4.19,4.32,-0.13,-3.0093,31351.02,13100.33
909,600202.SH,20200327,4.36,4.41,4.31,4.32,4.33,-0.01,-0.2309,26632.42,11631.513
910,600202.SH,20200326,4.34,4.39,4.32,4.33,4.38,-0.05,-1.1416,24777.0,10788.517
911,600202.SH,20200325,4.35,4.39,4.31,4.38,4.29,0.09,2.0979,37237.2,16203.828
912,600202.SH,20200324,4.27,4.32,4.22,4.29,4.23,0.06,1.4184,27835.96,11878.089
913,600202.SH,20200323,4.33,4.33,4.22,4.23,4.39,-0.16,-3.6446,32689.96,13973.002
914,600202.SH,20200320,4.39,4.42,4.3,4.39,4.37,0.02,0.4577,26642.48,11634.356
915,600202.SH,20200319,4.3,4.39,4.26,4.37,4.31,0.06,1.3921,45235.0,19590.872
916,600202.SH,20200318,4.48,4.54,4.31,4.31,4.48,-0.17,-3.7946,39536.0,17639.714
917,600202.SH,20200317,4.42,4.54,4.21,4.48,4.4,0.08,1.8182,56571.91,24844.975
918,600202.SH,20200316,4.55,4.69,4.4,4.4,4.49,-0.09,-2.0045,81446.43,37000.756
919,600202.SH,20200313,4.35,4.54,4.2,4.49,4.62,-0.13,-2.8139,85116.24,37703.636
920,600202.SH,20200312,4.65,4.77,4.6,4.62,4.8,-0.18,-3.75,61878.1,28785.559
921,600202.SH,20200311,4.81,4.92,4.7,4.8,4.84,-0.04,-0.8264,78054.66,37592.79
922,600202.SH,20200310,4.76,4.96,4.5,4.84,4.83,0.01,0.207,90860.3,43100.251
923,600202.SH,20200309,4.67,4.9,4.63,4.83,4.74,0.09,1.8987,118996.82,57117.06
924,600202.SH,20200306,4.63,4.83,4.59,4.74,4.67,0.07,1.4989,82843.7,39062.684
925,600202.SH,20200305,4.66,4.72,4.6,4.67,4.61,0.06,1.3015,66721.01,31121.072
926,600202.SH,20200304,4.56,4.61,4.51,4.61,4.61,0.0,0.0,44000.88,20121.251
927,600202.SH,20200303,4.73,4.76,4.57,4.61,4.62,-0.01,-0.2165,92248.32,42793.538
928,600202.SH,20200302,4.4,4.64,4.4,4.62,4.42,0.2,4.5249,64894.05,29398.43
929,600202.SH,20200228,4.5,4.5,4.26,4.42,4.58,-0.16,-3.4934,57338.77,25216.842
930,600202.SH,20200227,4.61,4.65,4.53,4.58,4.6,-0.02,-0.4348,39287.6,18016.947
931,600202.SH,20200226,4.5,4.65,4.46,4.6,4.56,0.04,0.8772,60256.03,27635.269
932,600202.SH,20200225,4.43,4.63,4.35,4.56,4.51,0.05,1.1086,69421.41,31342.282
933,600202.SH,20200224,4.51,4.52,4.45,4.51,4.52,-0.01,-0.2212,42835.25,19202.017
934,600202.SH,20200221,4.49,4.55,4.48,4.52,4.52,0.0,0.0,49776.95,22472.346
935,600202.SH,20200220,4.44,4.53,4.43,4.52,4.44,0.08,1.8018,44235.27,19871.804
936,600202.SH,20200219,4.48,4.5,4.4,4.44,4.49,-0.05,-1.1136,35256.03,15714.216
937,600202.SH,20200218,4.48,4.51,4.42,4.49,4.47,0.02,0.4474,36602.13,16390.131
938,600202.SH,20200217,4.31,4.51,4.31,4.47,4.32,0.15,3.4722,62763.35,27727.091
939,600202.SH,20200214,4.31,4.35,4.3,4.32,4.32,0.0,0.0,28091.96,12145.182
940,600202.SH,20200213,4.37,4.39,4.3,4.32,4.35,-0.03,-0.6897,30757.46,13316.087
941,600202.SH,20200212,4.28,4.36,4.27,4.35,4.27,0.08,1.8735,31725.02,13724.902
942,600202.SH,20200211,4.33,4.34,4.27,4.27,4.3,-0.03,-0.6977,22947.0,9855.879
943,600202.SH,20200210,4.18,4.3,4.18,4.3,4.23,0.07,1.6548,35881.5,15267.272
944,600202.SH,20200207,4.18,4.28,4.15,4.23,4.2,0.03,0.7143,45878.95,19359.397
945,600202.SH,20200206,4.13,4.21,4.06,4.2,4.13,0.07,1.6949,52386.41,21684.509
946,600202.SH,20200205,4.04,4.2,4.01,4.13,4.08,0.05,1.2255,40405.66,16610.424
947,600202.SH,20200204,3.82,4.2,3.82,4.08,4.24,-0.16,-3.7736,61488.58,24655.209
948,600202.SH,20200203,4.24,4.24,4.24,4.24,4.71,-0.47,-9.9788,5400.0,2289.6
949,600202.SH,20200123,4.85,4.87,4.64,4.71,4.86,-0.15,-3.0864,32206.71,15328.336
950,600202.SH,20200122,4.8,4.88,4.74,4.86,4.8,0.06,1.25,24030.39,11544.994
951,600202.SH,20200121,4.9,4.9,4.79,4.8,4.84,-0.04,-0.8264,23625.0,11418.876
952,600202.SH,20200120,4.81,4.85,4.78,4.84,4.78,0.06,1.2552,18994.85,9153.633
953,600202.SH,20200117,4.83,4.85,4.77,4.78,4.8,-0.02,-0.4167,19883.31,9529.949
954,600202.SH,20200116,4.86,4.87,4.8,4.8,4.86,-0.06,-1.2346,24995.0,12057.319
955,600202.SH,20200115,4.9,4.95,4.83,4.86,4.88,-0.02,-0.4098,27709.0,13464.477
956,600202.SH,20200114,4.96,4.98,4.88,4.88,4.93,-0.05,-1.0142,36799.0,18066.585
957,600202.SH,20200113,4.92,4.94,4.84,4.93,4.92,0.01,0.2033,22929.01,11227.896
958,600202.SH,20200110,4.97,5.05,4.88,4.92,4.98,-0.06,-1.2048,32679.71,16066.921
959,600202.SH,20200109,4.96,5.04,4.95,4.98,4.92,0.06,1.2195,35300.08,17601.229
960,600202.SH,20200108,5.05,5.08,4.92,4.92,5.07,-0.15,-2.9586,49203.0,24575.087
961,600202.SH,20200107,4.97,5.1,4.96,5.07,4.96,0.11,2.2177,52613.46,26589.982
962,600202.SH,20200106,4.9,5.0,4.88,4.96,4.95,0.01,0.202,27016.78,13393.016
963,600202.SH,20200103,4.98,4.98,4.93,4.95,4.98,-0.03,-0.6024,31526.0,15624.262
964,600202.SH,20200102,4.91,5.01,4.89,4.98,4.88,0.1,2.0492,55115.85,27246.847
